id,video,label
1,https://drive.google.com/file/d/1uJrAub9Ht_4X_u2RXk6hkbxupGZCRqmU/view?usp=drive_link,Trust
2,https://drive.google.com/file/d/1zM_ds6y4N-22v49ZU2rB_Sv5vgsKOLt4/view?usp=drive_link,Proud
3,https://drive.google.com/file/d/18LgEBVLPh6xc55CzQJLSWdVx9XYjYMY5/view?usp=sharing,Trust
4,https://drive.google.com/file/d/1dyMYKBLHBfuAv4VbTF7iMaFPqfJ-du9x/view?usp=drive_link,Surprise
5,https://drive.google.com/file/d/1bMMUhXgigGbM5TCG8EYHarZfjcZVL3k7/view?usp=drive_link,Proud
6,https://drive.google.com/file/d/1au3KSMGEcUdinzTX1uG8T7o624m1Iv7J/view?usp=drive_link,Anger
7,https://drive.google.com/file/d/176fAs32KUJyEuSHg0WcVSqKGzjvk7mAs/view?usp=drive_link,Surprise
8,https://drive.google.com/file/d/1hoQ3JriTraxmSlG6ePqy_hm0T4Q_uHyc/view?usp=drive_link,Surprise
9,https://drive.google.com/file/d/1rEv2BCHM-w0kGESW7zArV0hwbxMeTzhR/view?usp=drive_link,Proud
10,https://drive.google.com/file/d/1dQo2iCSbbGDpkuvaeevt-J0yWbc0Pbfr/view?usp=drive_link,Proud
11,https://drive.google.com/file/d/1YbfJb9n-H24D0ud3jDZxtskL7sf-nVS5/view?usp=drive_link,Trust
12,https://drive.google.com/file/d/1mTjeo_jyHUAXaLkzAigr6gjnXRoWN1YV/view?usp=drive_link,Trust
13,https://drive.google.com/file/d/10ETQNxneJf4Q185_btWMVVZz1n3CBwp5/view?usp=drive_link,Joy
14,https://drive.google.com/file/d/1eu9PHjd3VO3fyp5776ZNBWTpYMaQRXBm/view?usp=drive_link,Proud
15,https://drive.google.com/file/d/1M_6SY752Q2DDMQ-SReTEMXeOfG9Nhd6V/view?usp=drive_link,Trust
16,https://drive.google.com/file/d/1wCIyDhTVr-SO6Z6hY5XMdn-gEgmRcamD/view?usp=drive_link,Proud
17,https://drive.google.com/file/d/12kwKqiLekHc7tvTQeSgDtzLSL0osZWo_/view?usp=drive_link,Proud
18,https://drive.google.com/file/d/18lAsOO3SaQt8eaMyr-jRKl6PjUu6ryRR/view?usp=drive_link,Surprise
19,https://drive.google.com/file/d/16qQnlpZqJECTwo155G3CILMUmo9T7Oh-/view?usp=drive_link,Surprise
20,https://drive.google.com/file/d/1gr6eVSYlzBHXVUpGY_mMJklm6MHdHxA_/view?usp=drive_link,Surprise
21,https://drive.google.com/file/d/1S72zxSaA4R1t3mwApeTHm4VJT-IDvjPL/view?usp=drive_link,Surprise
22,https://drive.google.com/file/d/1_Wptog7sZ-Tf1GfIJ7tO5KSRv2d2QI1H/view?usp=drive_link,Trust
23,https://drive.google.com/file/d/1FR5Bt9aR3614Xql9xLkq1v97H2fHn7Zp/view?usp=drive_link,Proud
24,https://drive.google.com/file/d/1kzfBs5I_n0a0yCwEh5PdNY5GgLqQRcez/view?usp=drive_link,Trust
25,https://drive.google.com/file/d/16WW1YRA0NtmMptCht5jS6Ya7nWdNrRcg/view?usp=drive_link,Surprise
26,https://drive.google.com/file/d/1scUxliWkEMlJAtMjyX4_zf1hpTzc-11m/view?usp=drive_link,Proud
27,https://drive.google.com/file/d/1k3qHBJISNZIr2N_uhRGZK5b4CP5JfaIv/view?usp=drive_link,Proud
28,https://drive.google.com/file/d/1AUN-OYd4ipaJoeEH4Zs4gmXo7B2S23Km/view?usp=drive_link,Trust
29,https://drive.google.com/file/d/1FNfsB23xtWAnxr0ffwz2LYZAVdQJiv5P/view?usp=sharing,Surprise
30,https://drive.google.com/file/d/1nXZKur-B1aybi2jDr_QvKu4Rlf9ZGpUZ/view?usp=drive_link,Trust
31,https://drive.google.com/file/d/14euU6nfdqlu800-6Dewnz_dEM7m26acv/view?usp=drive_link,Surprise
32,https://drive.google.com/file/d/1Z6HV13StqwXPvVsirZBEhTsACRuIXfvo/view?usp=drive_link,Trust
33,https://drive.google.com/file/d/1iyOhhmxVkfNfb8Ye7VzVe49OVf5ntCaJ/view?usp=drive_link,Surprise
34,https://drive.google.com/file/d/1rMIe5I873yBTKrmAlSZTjUoV4eZkZhas/view?usp=drive_link,Surprise
35,https://drive.google.com/file/d/1SGmmz_hCldaOMxzhSpmiaqgCAXmk94cn/view?usp=drive_link,Surprise
36,https://drive.google.com/file/d/1pd2OIfxF_zAGs7IG6Mh-PjTiE6uZk8aO/view?usp=drive_link,Proud
37,https://drive.google.com/file/d/1NXckEsK8mkUr4IlMs-Xz1G-fRG9y2OEd/view?usp=drive_link,Proud
38,https://drive.google.com/file/d/1oe6YLqtXw2dBwxrmrRIuVXlyW9_C0kLE/view?usp=drive_link,Proud
39,https://drive.google.com/file/d/18l6Q_OmL9Cs3NsmJKOQRpCCOVFsJVQ1H/view?usp=drive_link,Proud
40,https://drive.google.com/file/d/1nDnDot4fOkyAnh-KWtafzbxRtIhkwZXa/view?usp=drive_link,Surprise
41,https://www.instagram.com/reel/DKiuAisBYNW/?utm_source=ig_web_copy_link&igsh=MzRlODBiNWFlZA==,Anger
42,https://www.instagram.com/reel/DKWLTEUT9qE/?utm_source=ig_web_copy_link&igsh=MzRlODBiNWFlZA==,Fear
43,https://www.instagram.com/reel/DM99ottvLix/?utm_source=ig_web_copy_link&igsh=MzRlODBiNWFlZA==,Trust
44,https://www.instagram.com/reel/DLwrr-xSQTm/?utm_source=ig_web_copy_link&igsh=MzRlODBiNWFlZA==,Trust
45,https://www.instagram.com/reel/DKgoBraqcOf/?utm_source=ig_web_copy_link&igsh=MzRlODBiNWFlZA==,Fear
46,https://www.instagram.com/reel/DKOArYwti9c/?utm_source=ig_web_copy_link&igsh=MzRlODBiNWFlZA==,Anger
47,https://www.instagram.com/reel/DMWy5PEy4xZ/?utm_source=ig_web_copy_link&igsh=MzRlODBiNWFlZA==,Trust
48,https://www.instagram.com/reel/DM-UeIaPURj/?utm_source=ig_web_copy_link&igsh=MzRlODBiNWFlZA==,Neutral
49,https://www.instagram.com/reel/DHdhJZfhnbw/?utm_source=ig_web_copy_link&igsh=MzRlODBiNWFlZA==,Fear
50,https://www.instagram.com/reel/DMzERt8T3YK/?utm_source=ig_web_copy_link,Trust
51,https://www.instagram.com/reel/DKL7wuPpSeU/?utm_source=ig_web_copy_link&igsh=MzRlODBiNWFlZA==,Joy
52,https://www.instagram.com/reel/DLH8CjbJ_we/?utm_source=ig_web_copy_link&igsh=MzRlODBiNWFlZA==,Trust
53,https://www.instagram.com/reel/DM5E9Dox3na/?utm_source=ig_web_copy_link&igsh=MzRlODBiNWFlZA==,Fear
54,https://www.instagram.com/reel/DMlzuuJBCqm/?utm_source=ig_web_copy_link&igsh=MzRlODBiNWFlZA==,Anger
55,https://www.instagram.com/reel/DKCpjyHIHtt/?utm_source=ig_web_copy_link&igsh=MzRlODBiNWFlZA==,Anger
56,https://www.instagram.com/reel/DMj2HkQKSl_/?utm_source=ig_web_copy_link&igsh=MzRlODBiNWFlZA==,Anger
57,https://www.instagram.com/reel/DMpkdG3J0bS/?utm_source=ig_web_copy_link,Trust
58,https://www.instagram.com/reel/CqCw06QvVa4/?utm_source=ig_web_copy_link,Anger
59,https://www.instagram.com/reel/DKOlWzzyNtF/?utm_source=ig_web_copy_link&igsh=MzRlODBiNWFlZA==,Trust
60,https://www.instagram.com/reel/DM0Gs6kSc8_/?utm_source=ig_web_copy_link&igsh=MzRlODBiNWFlZA==,Anger
61,https://www.instagram.com/reel/DG7zJbchwR7/?utm_source=ig_web_copy_link&igsh=MzRlODBiNWFlZA==,Trust
62,https://www.instagram.com/reel/DLL9bDXJTB_/?utm_source=ig_web_copy_link&igsh=MzRlODBiNWFlZA==,Anger
63,https://www.instagram.com/reel/DKw8T_fyme8/?utm_source=ig_web_copy_link,Anger
64,https://www.instagram.com/reel/DEoDrO0Tm6c/?utm_source=ig_web_copy_link&igsh=MzRlODBiNWFlZA==,Anger
65,https://www.instagram.com/reel/DMu9frCvTSx/?utm_source=ig_web_copy_link&igsh=MzRlODBiNWFlZA==,Fear
66,https://www.instagram.com/reel/DILI4hbxFvy/?utm_source=ig_web_copy_link&igsh=MzRlODBiNWFlZA==,Fear
67,https://www.instagram.com/reel/DMHdgmJydQG/?utm_source=ig_web_copy_link&igsh=MzRlODBiNWFlZA==,Trust
68,https://www.instagram.com/reel/DLH7YTlhqpJ/?utm_source=ig_web_copy_link&igsh=MzRlODBiNWFlZA==,Trust
69,https://www.instagram.com/reel/DF_rs9LByYo/?utm_source=ig_web_copy_link&igsh=MzRlODBiNWFlZA==,Joy
70,https://www.instagram.com/reel/DHNEbgDB6_C/?utm_source=ig_web_copy_link,Fear
71,https://www.instagram.com/reel/DJQT-oLtCCx/?utm_source=ig_web_copy_link,Joy
72,https://www.instagram.com/reel/DMDBRdmyOPC/?utm_source=ig_web_copy_link&igsh=MzRlODBiNWFlZA==,Anger
73,https://www.instagram.com/reel/DLZug6lhD0d/?utm_source=ig_web_copy_link&igsh=MzRlODBiNWFlZA==,Anger
74,https://www.instagram.com/reel/DNF9aDySWYe/?utm_source=ig_web_copy_link&igsh=MzRlODBiNWFlZA==,Anger
75,https://www.instagram.com/reel/DIKxaN2TXsS/?utm_source=ig_web_copy_link&igsh=MzRlODBiNWFlZA==,Fear
76,https://www.instagram.com/reel/DKVtuX8Stpq/?utm_source=ig_web_copy_link&igsh=MzRlODBiNWFlZA==,Trust
77,https://www.instagram.com/reel/DHXzccxR3hL/?utm_source=ig_web_copy_link&igsh=MzRlODBiNWFlZA==,Fear
78,https://www.instagram.com/reel/DGPWEjaTtAS/?utm_source=ig_web_copy_link,Anger
79,https://www.instagram.com/reel/DM7kjRsvVzB/?utm_source=ig_web_copy_link&igsh=MzRlODBiNWFlZA==,Anger
80,https://drive.google.com/file/d/1-uktT6QfBhhIQFgiVfE9QDi_fA9-UMxa/view?usp=sharing,Joy
81,https://drive.google.com/file/d/1qQ5-Rhna3Sbd8zd_gRYJYyjKy_xF_nFB/view?usp=sharing,Surprise
82,https://drive.google.com/file/d/1Z46He28wmMpM4XX5PJaDprudGhn4BUmj/view?usp=sharing,Proud
83,https://drive.google.com/file/d/1ko19DG40GCqyfPWK7jXtkKMMFhtvHCKr/view?usp=drive_link,Trust
84,https://drive.google.com/file/d/1dpT60tbJTQK4daHtOCY5Ry1OFYDH0Knw/view?usp=drive_link,Proud
85,https://drive.google.com/file/d/1r4rMWYYrMicgnn4QcZy80MAPrrLlTiQj/view?usp=drive_link,Trust
86,https://drive.google.com/file/d/1r4rMWYYrMicgnn4QcZy80MAPrrLlTiQj/view?usp=sharing,Proud
87,https://drive.google.com/file/d/1GofpxQoe1aEQ7ILgar9UovnPEwRZrSg1/view?usp=sharing,Surprise
88,https://drive.google.com/file/d/1hR_JOQHAQ1cL5TeXmW6mXDBcKPcoHre8/view?usp=drive_link,Trust
89,https://drive.google.com/file/d/1HgboPwW_oFSKoRdyvYupi_BGLGCsc68Y/view?usp=sharing,Trust
90,https://drive.google.com/file/d/17er5r8aKyE_DU1IgUXOPi2r6PigAXONS/view?usp=sharing,Proud
91,https://drive.google.com/file/d/1AEpkz8RUfM_2XjSY-nKsXqK7CJH0caOR/view?usp=sharing,Joy
92,https://drive.google.com/file/d/1Kbibt-790YXrIhz_TmDYRtgOYjSzw11k/view?usp=sharing,Trust
93,https://drive.google.com/file/d/1DpB6DLD2XojoKEtkdkuaG5GVKJsbVrdH/view?usp=sharing,Trust
94,https://drive.google.com/file/d/1COod9JJ1oWsUD4pnHfw3pTAT5ub4kYOM/view?usp=sharing,Trust
95,https://drive.google.com/file/d/1RzNIT_4ZJl3hw41qI8aSdyQdqsaTApKk/view?usp=sharing,Trust
96,https://drive.google.com/file/d/1ek-ZniGi5jI4096YpOLU8ts5Z438a89w/view?usp=sharing,Trust
97,https://drive.google.com/file/d/1cmoX1kONBJ57XxZmC1n8j-AuboEW-OGG/view?usp=sharing,Surprise
98,https://drive.google.com/file/d/1AS8DAp3lUTfCS3v5fFSlUdYmqN8qIpCE/view?usp=sharing,Surprise
99,https://drive.google.com/file/d/1BebBCOFNvbFdREDNh9eovMXjLg5yoqfI/view?usp=sharing,Trust
100,https://drive.google.com/file/d/1wadNVxw-weTOGpTtdcvf1Gp55-HmpyZw/view?usp=sharing,Surprise
101,https://www.instagram.com/reel/DIYnoCfT-bt/,Anger
102,https://drive.google.com/file/d/1ElvqnnKfMLU8pZyKKs_CMxwGts2O770v/view?usp=sharing,Surprise
103,https://drive.google.com/file/d/1PMDBY0C5oekMhFDm2KcR2jLjdgonZ2Bi/view?usp=sharing,Proud
104,https://drive.google.com/file/d/1GofpxQoe1aEQ7ILgar9UovnPEwRZrSg1/view?usp=drive_link,Proud
105,https://drive.google.com/file/d/1PMDBY0C5oekMhFDm2KcR2jLjdgonZ2Bi/view?usp=sharing,Proud
106,https://drive.google.com/file/d/14EDcZ8s7I6-8pFhcKT1tYP9acJ8DFS4X/view?usp=sharing,Trust
107,https://drive.google.com/file/d/1dsVjPJUpdCGwTGQRFN2XFe3rWCxMdkd1/view?usp=sharing,Trust
108,https://drive.google.com/file/d/1Z9-ac4oUzNkFmq-1TW8APHEZwGEjkDIE/view?usp=sharing,Proud
109,https://drive.google.com/file/d/1Du-PW4fvjRtjffB-ITITre8Pxjl5Hqv0/view?usp=sharing,Anger
110,https://drive.google.com/file/d/1u5RE2qDiN4SbtFHDd0zIIEP9er1-Y2Uq/view?usp=drive_link,Proud
111,https://drive.google.com/file/d/1dsVjPJUpdCGwTGQRFN2XFe3rWCxMdkd1/view?usp=sharing,Proud
112,https://drive.google.com/file/d/1OZY0368_fbHpt5_56pfvxivBXWivL-TK/view?usp=sharing,Proud
113,https://drive.google.com/file/d/1u5RE2qDiN4SbtFHDd0zIIEP9er1-Y2Uq/view?usp=sharing,Trust
114,https://drive.google.com/file/d/1dYJrHYu4G5zfiFXscNvGr-6WZn4NvBp6/view?usp=sharing,Sadness
115,https://drive.google.com/file/d/1b8j2we4JOYf3znxqUbmg8N1yOAAGgeIV/view?usp=sharing,Trust
116,https://drive.google.com/file/d/1xUD-KfpibrnAHW3-uCISWwU527AQ-BUN/view?usp=sharing,Proud
117,https://drive.google.com/file/d/17OELHbuvFBxaJQhEOtKw3YTKRUR-u4Wp/view?usp=sharing,Trust
118,https://www.instagram.com/reel/DL4sxGuz4Tc/?igsh=MXR4MmtmM2lmZG02Yw==,Surprise
119,https://www.instagram.com/reel/DNKL9rJT5-l/?utm_source=ig_web_copy_link&igsh=MXY2M3NpNjZqcXI2NA==,Proud
120,https://www.instagram.com/reel/DLSDweezMqt/?igsh=MTB5d2Nib2l4YnVnMQ==,Surprise
121,https://www.instagram.com/reel/DLCfYyTzM0B/?igsh=MW8zMGNrMG00YmRrOA==,Proud
122,https://www.instagram.com/reel/DMr4dcRJtdb/?igsh=MWgyZ2Nzc3V6c2p4dw==,Anger
123,https://www.instagram.com/reel/DMNJeciTz6C/?igsh=MTR0enhwYjNia3J0bA==,Surprise
124,https://www.instagram.com/reel/DMc1SxqJ_h-/?igsh=N3o3ZGpidDhkOHc2,Trust
125,https://www.instagram.com/reel/DLxGptdBbjR/?utm_source=ig_web_copy_link&igsh=MXJkajNtd29hdnM2dw==,Surprise
126,https://www.instagram.com/reel/DNA7KYaThER/?utm_source=ig_web_copy_link&igsh=cXlrYTV2c3doMnVm,Proud
127,https://www.instagram.com/reel/DLuruPeBcAH/?utm_source=ig_web_copy_link&igsh=MXRhMTgyNHViZDRodg==,Surprise
128,https://www.instagram.com/reel/DMXXrHXpE5y/?igsh=NnIzZTJzZG1rbXp2,Trust
129,https://www.instagram.com/reel/DNMZt3yz34s/?utm_source=ig_web_copy_link&igsh=NWY1NGNta3ExcGZi,Joy
130,https://www.instagram.com/reel/DLw9ZLjTupS/?igsh=MTg4cWw1ZDgyMjZzeA==,Proud
131,https://www.instagram.com/reel/DDbwsT-SvYX/?igsh=a2NqZnhmczM3NjE1,Surprise
132,https://www.instagram.com/reel/C9zeHtmSftf/?igsh=ODNoZDlveWRjOGV6,Proud
133,https://www.instagram.com/reel/DLys1UgTaDP/?igsh=MTI0ZDM5Y2t3azg3bA==,Trust
134,https://www.instagram.com/reel/DLtaRz5z_t2/?igsh=bHhrem42ZzZwMHJo,Surprise
135,https://www.instagram.com/reel/DLzratFhGh3/?utm_source=ig_web_copy_link&igsh=amRiOWxoZ2ZtOW5m,Trust
136,https://www.instagram.com/reel/DMxcd8KhquW/?utm_source=ig_web_copy_link&igsh=bnBna25weWsybWt3,Surprise
137,https://www.instagram.com/reel/DMu2pTjpJ5A/?igsh=NnRwcGZsOGtxdGE1,Sadness
138,https://www.instagram.com/reel/DL2Ayq4TpNL/?igsh=djJiZXFtNHlpZ3Rm,Proud
139,https://www.instagram.com/reel/DMuu7WXJSqc/?igsh=MTk5dWRpcHJ3aXE1Nw==,Proud
140,https://www.instagram.com/reel/DLEoOirRx_i/?igsh=MTVhOHdhNXRwandtZg==,Surprise
141,https://www.instagram.com/reel/DNIGuxYTu6-/?igsh=MWh3dHVwbTlvNG16NA==,Trust
142,https://www.instagram.com/reel/CrSuJLgNyRK/?utm_source=ig_web_copy_link,Trust
143,https://www.instagram.com/reel/C4CdSr-riJj/?utm_source=ig_web_copy_link&igsh=a2dia2hpZ24weGQ=,Surprise
144,https://www.instagram.com/reel/DL7YTB0T4xF/?igsh=dzZ0c3E2ZmRvMGVq,Trust
145,https://www.instagram.com/reel/C-wcAZ2vJSE/?igsh=MWtwa2Q2aTQxZ2U0Zg==,Trust
146,https://www.instagram.com/reel/DDekDLFTq1a/?igsh=dXVxMGlzdndwM3E2,Surprise
147,https://www.instagram.com/reel/DLUnmw6TF--/?igsh=N3YwbzRyb2xtdjd0,Surprise
148,https://www.instagram.com/reel/C_reJDqSNno/?igsh=ZDIzc2owNWgxdmJk,Surprise
149,https://www.instagram.com/reel/CjwRCdzDarC/?utm_source=ig_web_copy_link&igsh=bXRhNmI1NTRxMWc3,Surprise
150,https://www.instagram.com/reel/DNALIVSPiz3/?utm_source=ig_web_copy_link&igsh=MWUyeDRud3lwOTc3Zg==,Surprise
151,https://www.instagram.com/reel/DNAgrqURf1s/?igsh=MXZjNmdqa3ZpNThpZA==,Surprise
152,https://www.instagram.com/reel/DLJoMUxTL2J/?igsh=MTVkNnYwYTRxZmdqNw==,Surprise
153,https://www.instagram.com/reel/DAYFDAQSh20/?igsh=OWlreGRuYXdzY3ly,Proud
154,https://www.instagram.com/reel/C7oa-5upVHh/?igsh=MWNkczZ5ZmFqZHpnZA==,Surprise
155,https://www.instagram.com/reel/DK1mAj0zf6k/?igsh=b2dpcGU5OGdld2Fo,Surprise
156,https://www.instagram.com/reel/DLPIrtqTKSt/?igsh=MWVvbzB5ZHV5cjgwbQ==,Surprise
157,https://www.instagram.com/reel/C_Uu_rSygjN/?igsh=cGljbzg5NnZ3Y2d1,Surprise
158,https://www.instagram.com/reel/DLhe1uwT0ux/?igsh=b3RsM3RkeGUxanln,Proud
159,https://www.instagram.com/reel/DHFjsc_TWVh/?utm_source=ig_web_copy_link&igsh=MzRlODBiNWFlZA==,Proud
160,https://www.instagram.com/reel/DMAEL2oS-kx/?utm_source=ig_web_copy_link&igsh=MzRlODBiNWFlZA==,Joy
161,https://www.instagram.com/reel/Cij2OK1LiDG/?utm_source=ig_web_copy_link&igsh=MzRlODBiNWFlZA==,Surprise
162,https://www.instagram.com/reel/DCUXkGTyqKb/?utm_source=ig_web_copy_link&igsh=MzRlODBiNWFlZA==,Joy
163,https://www.instagram.com/reel/DL9jmalyY0P/?utm_source=ig_web_copy_link&igsh=MzRlODBiNWFlZA==,Surprise
164,https://www.instagram.com/reel/DGVkYrhzf3h/?utm_source=ig_web_copy_link&igsh=MzRlODBiNWFlZA==,Proud
165,https://www.instagram.com/reel/DB-yXGOxwsm/?utm_source=ig_web_copy_link&igsh=MzRlODBiNWFlZA==,Surprise
166,https://www.instagram.com/reel/DDPkkpoyq9G/?utm_source=ig_web_copy_link&igsh=MzRlODBiNWFlZA==,Trust
167,https://www.instagram.com/reel/DB-ZPagSfcY/?utm_source=ig_web_copy_link&igsh=MzRlODBiNWFlZA==,Surprise
168,https://www.instagram.com/reel/DNFODaKy1Us/?utm_source=ig_web_copy_link&igsh=MzRlODBiNWFlZA==,Joy
169,https://www.instagram.com/reel/DGKvY7Lz-z6/?utm_source=ig_web_copy_link&igsh=MzRlODBiNWFlZA==,Trust
170,https://www.instagram.com/reel/DMphHxmv5_Z/?utm_source=ig_web_copy_link&igsh=MzRlODBiNWFlZA==,Proud
171,https://www.instagram.com/reel/DL6Zr4QSkUM/?utm_source=ig_web_copy_link&igsh=MzRlODBiNWFlZA==,Proud
172,https://www.instagram.com/reel/DDRjJrgykQO/?utm_source=ig_web_copy_link&igsh=MzRlODBiNWFlZA==,Surprise
173,https://www.instagram.com/reel/C3cOphfynPw/?utm_source=ig_web_copy_link&igsh=MzRlODBiNWFlZA==,Trust
174,https://www.instagram.com/reel/DGVkYrhzf3h/?utm_source=ig_web_copy_link&igsh=MzRlODBiNWFlZA==,Trust
175,https://www.instagram.com/reel/DFF_Fz7TaBk/?utm_source=ig_web_copy_link&igsh=MzRlODBiNWFlZA==,Trust
176,https://www.instagram.com/reel/DL2ZmPxSsBF/?utm_source=ig_web_copy_link&igsh=MzRlODBiNWFlZA==,Trust
177,"https://www.instagram.com/reel/DNI1jwNyrfX/?utm_source=ig_web_copy_link&igsh=MzRlODBiNWFlZA== 										
",Surprise
178,https://www.instagram.com/reel/C_aZ8XNS1Yx/?utm_source=ig_web_copy_link&igsh=MzRlODBiNWFlZA==,Trust
179,https://www.instagram.com/reel/DEzgcQJy-yy/?utm_source=ig_web_copy_link&igsh=MzRlODBiNWFlZA==,Trust
180,https://www.instagram.com/reel/DMkjkegTXs5/?utm_source=ig_web_copy_link&igsh=MzRlODBiNWFlZA==,Proud
181,https://www.instagram.com/reel/DMC4ItYSMeU/?utm_source=ig_web_copy_link&igsh=MzRlODBiNWFlZA==,Joy
182,https://www.instagram.com/reel/DGfpHvTyYhM/?utm_source=ig_web_copy_link&igsh=MzRlODBiNWFlZA==,Joy
183,https://www.instagram.com/reel/DMh3m5rvW3x/?utm_source=ig_web_copy_link&igsh=MzRlODBiNWFlZA==,Trust
184,https://www.instagram.com/reel/DMh3m5rvW3x/?utm_source=ig_web_copy_link&igsh=MzRlODBiNWFlZA==,Surprise
185,https://www.instagram.com/reel/DCYdNL5B3rE/?utm_source=ig_web_copy_link&igsh=MzRlODBiNWFlZA==,Joy
186,https://www.instagram.com/reel/DDJwtwyJDeV/?utm_source=ig_web_copy_link&igsh=MzRlODBiNWFlZA==,Trust
187,https://www.instagram.com/reel/C3cOphfynPw/?utm_source=ig_web_copy_link&igsh=MzRlODBiNWFlZA==,Trust
188,https://www.instagram.com/reel/DMYECWsTFiJ/?utm_source=ig_web_copy_link&igsh=MzRlODBiNWFlZA==,Joy
189,https://www.instagram.com/reel/DNI1jwNyrfX/?utm_source=ig_web_copy_link&igsh=MzRlODBiNWFlZA==,Proud
190,https://www.instagram.com/reel/DGVkYrhzf3h/?utm_source=ig_web_copy_link&igsh=MzRlODBiNWFlZA==,Joy
191,https://www.instagram.com/reel/DMnfSLEv_q7/?utm_source=ig_web_copy_link&igsh=MzRlODBiNWFlZA==,Proud
192,https://www.instagram.com/reel/DBP8wzKyRg8/?utm_source=ig_web_copy_link&igsh=MzRlODBiNWFlZA==,Proud
193,https://www.instagram.com/p/CFKGsqVlylO/?utm_source=ig_web_copy_link&igsh=MzRlODBiNWFlZA==,Trust
194,https://www.instagram.com/reel/DCWYeZGyB4L/?utm_source=ig_web_copy_link&igsh=MzRlODBiNWFlZA==,Anger
195,https://www.instagram.com/reel/DMzjk18xmcY/?utm_source=ig_web_copy_link&igsh=MzRlODBiNWFlZA==,Trust
196,https://www.instagram.com/reel/DJbQPPKSja2/?utm_source=ig_web_copy_link&igsh=MzRlODBiNWFlZA==,Trust
197,https://www.instagram.com/reel/DHoTHN3zNpE/?utm_source=ig_web_copy_link&igsh=MzRlODBiNWFlZA==,Trust
198,https://www.instagram.com/reel/DM2lwEDSjVI/?utm_source=ig_web_copy_link&igsh=MzRlODBiNWFlZA==,Surprise
199,https://drive.google.com/file/d/1sfDbRuqnnfX49DXlxNJ5lTfz7xuRD4x2/view?usp=share_link,Trust
200,https://drive.google.com/file/d/174ktM20lrDfm4tIGFTTC4NBPqxit2ab_/view?usp=sharing,Trust
201,https://drive.google.com/file/d/174ktM20lrDfm4tIGFTTC4NBPqxit2ab_/view?usp=sharing,Trust
202,https://drive.google.com/file/d/1FTY5nRUo3ChEDywZ_k26nhmCVxPJfMJT/view?usp=sharing,Surprise
203,https://drive.google.com/file/d/119B50bkS2zi3gTynJmDDzhs-1SAvI_FO/view?usp=share_link,Proud
204,https://drive.google.com/file/d/1nbo5CnW50clco9ZFd6AE4R6KUwPTYpLA/view?usp=share_link,Proud
205,https://drive.google.com/file/d/1sfDbRuqnnfX49DXlxNJ5lTfz7xuRD4x2/view?usp=share_link,Surprise
206,https://drive.google.com/file/d/13O0I8BGN2nOfKEzVsPpy2gkCVJW3Ai_L/view?usp=share_link,Trust
207,https://drive.google.com/file/d/1FxbsOfcAFwFmxE_6ydT6onXOhToEP4wm/view?usp=share_link,Proud
208,https://drive.google.com/file/d/1lKQYbrg7pACuUvw8Nap9Zwgwvx2KZUwN/view?usp=share_link,Trust
209,https://drive.google.com/file/d/1E5sY0n0XBQSDOYyrF3MluFYr69xETRgY/view?usp=sharing,Proud
210,https://drive.google.com/file/d/1c_1boySTaI5v-wbdEknkClIcsC7emkyC/view?usp=share_link,Surprise
211,https://drive.google.com/file/d/1IBSfa1_5SRhWu03wVRoCl2-ZHrF6F-ws/view?usp=sharing,Surprise
212,https://drive.google.com/file/d/1pG2GATtjgaoBY-2E1_RkIJFu6DyppHfr/view?usp=sharing,Surprise
213,https://drive.google.com/file/d/1UI8IJ19DQkZuTaUtLVtAI19jGMIDJuO_/view?usp=sharing,Trust
214,https://drive.google.com/file/d/1aqJ9hzi9WE4bs7NrqN7ciiLbk-qL3xil/view?usp=share_link,Surprise
215,https://drive.google.com/file/d/1sfDbRuqnnfX49DXlxNJ5lTfz7xuRD4x2/view?usp=share_link,Surprise
216,https://drive.google.com/file/d/1Yqx2xGXcvKlK5MiiaR6ABUpFRiJ9eM0o/view?usp=sharing,Trust
217,https://drive.google.com/file/d/1tP3XU9n0Hz7bw-i-xeARwqGVsOrUcRUN/view?usp=share_link,Trust
218,https://drive.google.com/file/d/1IBSfa1_5SRhWu03wVRoCl2-ZHrF6F-ws/view?usp=sharing,Trust
219,https://drive.google.com/file/d/1LTqO8bBrwf_Dff57G30yvs9XMuc7Ac2K/view?usp=share_link,Surprise
220,https://drive.google.com/file/d/1IBSfa1_5SRhWu03wVRoCl2-ZHrF6F-ws/view?usp=sharing,Sadness
221,https://drive.google.com/file/d/1tdwOb8cuBXpbAGX8hOmG4K62c4JP9GR5/view?usp=sharing,Surprise
222,https://drive.google.com/file/d/1rNStUG8X1s7Gxsk7ppUkboM1bgs74ldO/view?usp=share_link,Joy
223,https://drive.google.com/file/d/1uMJkn9Et2wBjAtSTAfGq0agFf1JQYv5S/view?usp=sharing,Proud
224,https://drive.google.com/file/d/1WVED72q_6g4WpDZqMo0IxDVnNSU6Dho6/view?usp=share_link,Trust
225,https://drive.google.com/file/d/1VhJeu7psvZDuLyG5NFB0mtuIIqW8utvQ/view?usp=share_link,Proud
226,https://drive.google.com/file/d/1sfDbRuqnnfX49DXlxNJ5lTfz7xuRD4x2/view?usp=share_link,Surprise
227,https://drive.google.com/file/d/1sfDbRuqnnfX49DXlxNJ5lTfz7xuRD4x2/view?usp=share_link,Surprise
228,https://drive.google.com/file/d/11kyZ7I0ZFyc-iMez6CSXoGLNIt_gwFxb/view?usp=share_link,Surprise
229,https://drive.google.com/file/d/1c_1boySTaI5v-wbdEknkClIcsC7emkyC/view?usp=share_link,Surprise
230,https://drive.google.com/file/d/10jrGw8rZ_30qPj5iCawLVpMgpKji1Wa1/view?usp=sharing,Trust
231,https://drive.google.com/file/d/1sfDbRuqnnfX49DXlxNJ5lTfz7xuRD4x2/view?usp=share_link,Proud
232,https://drive.google.com/file/d/1UI8IJ19DQkZuTaUtLVtAI19jGMIDJuO_/view?usp=sharing,Surprise
233,https://drive.google.com/file/d/1W1MHuBFcVp1Lro3wg-dDzrj1DzUgyFoQ/view?usp=sharing,Proud
234,https://drive.google.com/file/d/1-OawfKdJ7ozcradDR4rxu4QCWtd93qY5/view?usp=share_link,Trust
235,https://drive.google.com/file/d/1auQ3Vy3NiAzqBRWS4jkrBbjK0gxpm1oa/view?usp=sharing,Neutral
236,https://drive.google.com/file/d/16CEwzTU972-N5NoaOYx_rbF8AJfqtbIT/view?usp=sharing,Surprise
237,https://drive.google.com/file/d/1Q6UYhFv2n4YnEsDqBpWB_WOKFAqckDqR/view?usp=sharing,Proud
238,https://drive.google.com/file/d/16crPLW1l8Azp8EfeujohBtCOsdEcl3Qj/view?usp=sharing,Surprise
239,https://drive.google.com/file/d/1uKt0ZxUDJREefKMGeMMsaS3_IWOC3P1o/view?usp=sharing,Surprise
240,https://drive.google.com/file/d/15UGEQeLrgYmjSKgC63Bt0-ntc_FuVd_j/view?usp=sharing,Trust
241,https://drive.google.com/file/d/1z9-ww8CVET21pVgUMOXyoK2hjllGYJUD/view?usp=sharing,Trust
242,https://drive.google.com/file/d/1xnnqC_dCycMn_WX7uTEjgat_XSnfRYaF/view?usp=sharing,Joy
243,https://drive.google.com/file/d/1_KjLNoBDyPq2ERIurbbpy0ymyYYTtgsc/view?usp=sharing,Trust
244,https://drive.google.com/file/d/1-6kF8oGj9Wvrj9FtDLh0wYVyjxt7xADU/view?usp=sharing,Surprise
245,https://www.instagram.com/reel/C1WmIidBhoS/?utm_source=ig_web_copy_link&igsh=MzRlODBiNWFlZA==,Proud
246,https://drive.google.com/file/d/1jbAegP8PHDVJuJvZrgSqMATDogW4Hahy/view?usp=sharing,Trust
247,https://drive.google.com/file/d/1o495T41WvkbePjucBFRqY3py2bscj9j6/view?usp=sharing,Trust
248,https://drive.google.com/file/d/1P2dJ0V77XLxti9Sj66vYfjHklpp_ilQ7/view?usp=sharing,Surprise
249,https://www.instagram.com/reel/C1gZ3ujhSJA/?utm_source=ig_web_copy_link&igsh=MzRlODBiNWFlZA==,Joy
250,https://drive.google.com/file/d/1Sjfo20LxjQYLL38rcsfMK6-mglcXkGOP/view?usp=sharing,Trust
251,https://drive.google.com/file/d/1GrQmRkI5yNi6dRxBzSH2qvn1U8402Ah7/view?usp=sharing,Surprise
252,https://drive.google.com/file/d/1wr145RnytH5fnStLBsCJzMhUDMyt3up3/view?usp=sharing,Joy
253,https://drive.google.com/file/d/1ftErla2d_xoxnPEw48O5qhOqZmU7yEoB/view?usp=sharing,Joy
254,https://drive.google.com/file/d/1PzfVDLwuOuvkXMoSCSJlG4jw2gjZiw7f/view?usp=sharing,Surprise
255,https://drive.google.com/file/d/1kdtDhRpo6ekKfT_yjBVXoVj4WercGNuF/view?usp=sharing,Proud
256,https://drive.google.com/file/d/10GXeqRPj5VjASvJUEoqiLjh7YFKilp6W/view?usp=sharing,Surprise
257,https://drive.google.com/file/d/1hcdeL3zzC9e_9quh-eiZoBPpcuJwfqfi/view?usp=sharing,Surprise
258,https://drive.google.com/file/d/1xSQdvW4eV85M8MtKiLxEbiRAnyymwnyE/view?usp=sharing,Surprise
259,https://drive.google.com/file/d/1rfwlzR9i7EpPyZvb_1frZyRyHlAwYkhz/view?usp=sharing,Surprise
260,https://drive.google.com/file/d/1dmL2iITVmznAuhUnQQ8XagExDvDuYAzJ/view?usp=sharing,Joy
261,https://drive.google.com/file/d/1ATqtIf4KqJYkRafQBVI3ESNlHHbR0W15/view?usp=sharing,Surprise
262,https://drive.google.com/file/d/1m7bM3ghyam8eqKu0UIKYH1RkksH9UYHG/view?usp=sharing,Surprise
263,https://www.instagram.com/reel/CntID4iDMB_/?utm_source=ig_web_copy_link&igsh=MzRlODBiNWFlZA==,Joy
264,https://drive.google.com/file/d/1YmlpSSW6yy3WyYBmjzhRhmXW6G5rgK0Z/view?usp=sharing,Proud
265,https://drive.google.com/file/d/1z2XXkOsrht4DoaCiESXM57fZPD19uVeF/view?usp=sharing,Proud
266,https://drive.google.com/file/d/1bK8tNnBPE_cIG01bREq1qaejYuJqdAuf/view?usp=sharing,Trust
267,https://drive.google.com/file/d/1QeVhYOzQQzWvmASX097fx9-xgSL8aYa9/view?usp=sharing,Trust
268,https://drive.google.com/file/d/1nEyJP7KLtSgQhj7-efvU7ZPuGK5m9DeD/view?usp=sharing,Joy
269,https://drive.google.com/file/d/1jqczoDbEO2obyGra2bu7jwDcRgSOc4EW/view?usp=sharing,Surprise
270,https://drive.google.com/file/d/1PRC9-PllLNjuA6E070mqKYmOW7xnTT6e/view?usp=sharing,Surprise
271,https://drive.google.com/file/d/1vpPEfSUKGoFWSpXdk3HBblneBShmz6eK/view?usp=sharing,Joy
272,https://drive.google.com/file/d/1pGzhGp_4Wns6Vu30UqnneRjaKOEfnlgv/view?usp=sharing,Surprise
273,https://drive.google.com/file/d/1Kll4_vIOLOE-jIQ4sHoTIwKoneMZe-s2/view?usp=sharing,Trust
274,https://drive.google.com/file/d/11LxsYwvbPcaOSQmzQ5ijemVyHf36kZlL/view?usp=sharing,Surprise
275,https://www.instagram.com/reel/DNOC_DOy_BT/?igsh=MWxxOXd5NTlyb3pjMg==,Surprise
276,https://www.instagram.com/reel/DKWxq93yzSF/?igsh=MWNkOTB5aHlmczZ1Mg==,Proud
277,https://www.instagram.com/reel/DNKcHgdA-d1/?igsh=MWFxdnhjbzh1YmdhYw%3D%3D,Surprise
278,https://www.instagram.com/reel/DNHwrh2gnBm/?igsh=YTg3cGIycGtqbG51,Surprise
279,https://www.instagram.com/reel/DM7QsjnRCoa/?igsh=NDQ1NW11a2ZiZW1y,Surprise
280,https://www.instagram.com/reel/DNBBEt6Paxj/?igsh=MTB2bXgyMHhwaHI4dA%3D%3D,Surprise
281,https://www.instagram.com/reel/DM2DYuURXAS/?igsh=Z3lzNDZtdDhxeWxn,Surprise
282,https://www.instagram.com/reel/DMz13fQzZsN/?igsh=MWxxcDA3N2VsenpnZw%3D%3D,Proud
283,https://www.instagram.com/reel/DMz1mj7s6u7/?igsh=MXQzN3ZoNWZsMGk5cg%3D%3D,Surprise
284,https://www.instagram.com/reel/DMzlY-uxiog/?igsh=bGthOTk2Mm52YTJl,Proud
285,https://www.instagram.com/reel/DHkjTIYx70F/?igsh=MWY3am80ZGc2aXdsOQ==,Proud
286,https://www.instagram.com/reel/DMuCyqkJwwB/?igsh=eTg2ZWtyYTF4ZWxh,Proud
287,https://www.instagram.com/reel/DMpUrCKxQj5/?igsh=bGh5bTBia2xmZXU4,Proud
288,https://www.instagram.com/reel/DMozK27xS7J/?igsh=d25seXltcmc2MWpq,Surprise
289,https://www.instagram.com/reel/DM0ChALScuv/?igsh=MWphajVsYzFvMWcydg==,Surprise
290,https://www.instagram.com/reel/DNChSb7z2rm/?igsh=ZHU1a25uazdybm84,Trust
291,https://www.instagram.com/reel/DMm5ofzxt1D/?igsh=OGd4eXA1MGJlaWV1,Proud
292,http://instagram.com/reel/DMmKMrNxr50/?igsh=MWgzOHlpNnd0M3VmNw%3D%3D,Trust
293,https://www.instagram.com/reel/DJofVAHTuMI/?igsh=Y2hvdHd0cHluMXFs,Trust
294,https://www.instagram.com/reel/DMkLaw4Rqt5/?igsh=MWNhMnR0aHp2cnc2ZQ%3D%3D,Trust
295,https://www.instagram.com/reel/DNIfBeBzlo_/?igsh=YTg3cW1zY3Eyd3dy,Trust
296,https://www.instagram.com/reel/DIyUyveT0SA/?igsh=ZTEyaGRjc2dpZzhi,Surprise
297,https://www.instagram.com/reel/DLj6O_fSaTB/?igsh=MWw2ZjBmNHozbnU2MQ==,Surprise
298,https://www.instagram.com/reel/DM1WsB5hoAA/?igsh=MWFlc2VtZ3FjenQ1aw==,Trust
299,https://www.instagram.com/reel/DMjo8jKRvlV/?igsh=MWp1cHZ2dXd5aTNhaw%3D%3D,Trust
300,https://www.instagram.com/reel/DLwZD9OS3fI/?igsh=c2huZ2p3enBpaTFx,Trust
301,https://www.instagram.com/reel/DMXQuTKRfmV/?igsh=MXRqbjN1ZXhkenpxMg%3D%3D,Surprise
302,https://www.instagram.com/reel/DMRqecSRm7M/?igsh=MWd0ejliMHhzZjhleg%3D%3D,Surprise
303,https://www.instagram.com/reel/DMHyhTJRej0/?igsh=MWxoeTdpaTdsMnIxcQ%3D%3D,Surprise
304,https://www.instagram.com/reel/DLuZNKOzFQ_/?igsh=M284bXZ6a3ppZHF5,Trust
305,https://www.instagram.com/reel/C-359jxSftg/?igsh=MTF1cGZqaWY5OGFwdg==,Trust
306,https://www.instagram.com/reel/DHXk1LGTQo2/?igsh=MTd2NmhrYWZiMGE2Yw==,Surprise
307,https://www.instagram.com/reel/DLn8SMvyPca/?igsh=Z2tndjRmM2E4emhm,Surprise
308,https://www.instagram.com/reel/DLd7bkYyuV6/?igsh=azBpd2VxMW5vM2I2,Surprise
309,https://www.instagram.com/reel/DLW9kprxKTe/?igsh=bmwxdWJmeGd0YXY1,Surprise
310,https://www.instagram.com/reel/DLluizmyaG9/?igsh=MXRpYjVtYzZ5OHV5MQ%3D%3D,Surprise
311,https://www.instagram.com/reel/DK6gKdAxavr/?igsh=MTFtcXMyZXFmMmk1Mg%3D%3D,Surprise
312,https://www.instagram.com/reel/DK6P7JxR2HP/?igsh=cW1rb3J0aWg5ZTk3,Surprise
313,https://www.instagram.com/reel/DK5v1dZysCd/?igsh=MWwwbGR2ZDBldzZhZg%3D%3D,Surprise
314,https://www.instagram.com/reel/DKyoWLZxUhw/?igsh=MWptanFveHI0MTZvag%3D%3D,Surprise
315,https://www.instagram.com/reel/C_XMt92y79O/?igsh=NXl4Z3J0cjR2ZHhp,Proud
316,https://www.instagram.com/reel/DB7wNtHygCF/?igsh=a2ozNjY3Y21wOTVs,Surprise
317,https://www.instagram.com/reel/DMP4bB4JTMv/?igsh=MWJxM2wxNGVpaGI1dA==,Proud
318,https://www.instagram.com/reel/C8rVD7Tv7uo/?igsh=MWI1aGx5bXdnZjRwZA==,Proud
319,https://www.instagram.com/reel/C5QYc03yVnT/?igsh=NWducDVqMHR3NWZq,Surprise
320,https://www.instagram.com/reel/C7rBV9xySyp/?igsh=MWpldno4ZXpzdXEwMA==,Surprise
321,https://www.instagram.com/reel/DDqXKnISXIM/?igsh=MThhNGtkaGZ5Y3Vxcg==,Proud
322,https://www.instagram.com/reel/C4fOsjPRoPl/?igsh=bXlqMDg4NmdsbDYw,Surprise
323,https://www.instagram.com/reel/C7HBU_XPxmC/?igsh=cWx4dDN5c2VoOTls,Surprise
324,https://www.instagram.com/reel/DKoahGuRUGB/?igsh=a3plZWs0cWx0ZWRz,Surprise
325,https://www.instagram.com/reel/C166gkuSDof/?igsh=ejhrbjRwcXFtdmU2,Surprise
326,https://www.instagram.com/reel/DKlkEsmSp2m/?igsh=bnd3MnYyY3g0ZXZ4,Proud
327,https://www.instagram.com/reel/C429IqZNFFM/?igsh=MXEwY3lndWEwODU1MA==,Surprise
328,https://www.instagram.com/reel/DGmzQ0Nyjlo/?igsh=MW5scHM5ZzNpNGlrOQ==,Surprise
329,https://www.instagram.com/reel/DM7mvB-yh3a/?igsh=ZWx5bHd1dnFpcjBo,Joy
330,https://www.instagram.com/reel/DHuzjz-yZON/?igsh=MWViYjBtbDg4bGEwcQ==,Joy
331,https://www.instagram.com/reel/C9uSnn4yIed/?igsh=MWVmbGYzcmR0MzFibw==,Surprise
332,https://www.instagram.com/reel/C7Th3O_SMo_/?igsh=azVseHdna29mZW8w,Surprise
333,https://www.instagram.com/reel/C9l-N3VyaRp/?igsh=b2N3amd1NWduZmRz,Surprise
334,https://www.instagram.com/reel/C219ewlJWmN/?igsh=MWt2NWN1dG5zYW1xdA==,Trust
335,https://www.instagram.com/reel/C2OhxcdSOZ7/?igsh=MXhmYmYwenJ1MThieA==,Surprise
336,https://www.instagram.com/reel/C8HUehCSH9y/?igsh=MWs4MDZrOHVzZzExcg==,Surprise
337,https://www.instagram.com/reel/C9wKwPpSfOn/?igsh=MXh5d3l5dHRlOXJ6ZA==,Surprise
338,https://www.instagram.com/reel/C9AAAeSS1qm/?igsh=ZGxwMzJvcTE4MXRw,Surprise
339,https://www.instagram.com/reel/DAp9h5-tsxa/?igsh=MTk0MDNuNzZxcXBwZQ==,Surprise
340,https://www.instagram.com/reel/C3pEeaaS7oG/?igsh=azlzYWJpbjR2eGc1,Surprise
341,https://www.instagram.com/reel/C0l49jmyA52/?igsh=MTNsZ3o0bWlleDYwZw==,Proud
342,https://www.instagram.com/reel/C912wNXS2Ma/?igsh=MTM0bzkwcDBuM2liYQ==,Surprise
343,https://www.instagram.com/reel/C5iAg4arHiQ/?igsh=MWgxYjkyZncxbTVmag==,Anger
344,https://www.instagram.com/reel/DI50BT5y4Hb/?igsh=MTViNHhxejBhZnl3dg==,Surprise
345,https://www.instagram.com/reel/DE1HlaaS03V/?igsh=MTNyd2J6OGpzbXhqMg==,Trust
346,https://www.instagram.com/reel/C_xrYxqgSp8/?igsh=YWR5eGFlbzA5ZzBq,Surprise
347,https://www.instagram.com/reel/DM-If0OyMrx/?igsh=MWoxZnZzOTl4a2psNA==,Surprise
348,https://www.instagram.com/reel/C_2iOlQygzj/?igsh=ZDBpbTZncDc0NDBu,Proud
349,https://www.instagram.com/reel/C96dU_ESVLA/?igsh=MXRoOHljMm5mNDRsNQ==,Surprise
350,https://www.instagram.com/reel/DLPaRzgz3PT/?igsh=MW4yNnZjb3NsejMzZg==,Trust
351,https://www.instagram.com/reel/C678u8PrEqV/?igsh=aG83czhwZXlyajdq,Surprise
352,https://www.instagram.com/reel/DME_qnczF2Y/?igsh=dTJrbnk4MTdnam92,Surprise
353,https://www.instagram.com/reel/C9O5vosydAJ/?igsh=MXE5Z2x0Zjd5cHRveg==,Surprise
354,https://www.instagram.com/reel/C4AE88eSl1g/?igsh=YzRqZHUwM2xnbHNv,Proud
355,https://www.instagram.com/reel/DK_a9aazNPI/?igsh=MWJkNzhiamwwbjBxYw==,Trust
356,https://www.instagram.com/reel/C3hOMl-xrZM/?igsh=ZDJ0aDVwNmwxOWVy,Surprise
357,https://www.instagram.com/reel/C7gsk4eSpe0/?igsh=YW1wdzRqMDRlODFh,Trust
358,https://www.instagram.com/reel/C85yjQUSK3w/?igsh=MXIxd2hneXNlZDV1cQ==,Surprise
359,https://www.instagram.com/reel/DMEz84OyvC1/?igsh=bjA5dGVkeGtxMmM1,Anger
360,https://www.instagram.com/reel/C3ZwNdMS3F8/?igsh=dm5xY2l0cG5rcDF3,Trust
361,https://www.instagram.com/reel/DNIHSEMSNfW/?igsh=eTNlbzY2NmV3bmdo,Surprise
362,https://www.instagram.com/reel/C88qHd7y-BT/?igsh=MWplejY1cWw2NGFnMg==,Trust
363,https://www.instagram.com/reel/C8bZNf8piGK/?igsh=MTlmajA4OTNram1jeA==,Surprise
364,https://www.instagram.com/reel/C9ruCj2NU48/?igsh=bmFtMmVudjFlMGYw,Surprise
365,https://www.instagram.com/reel/C6QVpj1rLCi/?igsh=MTVqdmMwcnFkdHFqZg==,Proud
366,https://drive.google.com/file/d/1XfK7VwPpb4ZVM5msAaGdKpZh1hjWNAgp/view?usp=drive_link,Proud
367,https://drive.google.com/file/d/1NLuJi9iI8LzIWOFlSJVIHuaspBpzKTOu/view?usp=drive_link,Surprise
368,https://drive.google.com/file/d/1MjA5r9wB619NBT5Or235HhNaVZ7HEMhe/view?usp=drive_link,Proud
369,https://drive.google.com/file/d/1GZb1QrS9XT4ZGhxp6fq9qHruexrUgaTX/view?usp=drive_link,Surprise
370,https://drive.google.com/file/d/1TSulhJrWMWP0gmF6kDfqRlRwE0OquY70/view?usp=drive_link,Surprise
371,https://drive.google.com/file/d/1DnHUua7-RtEsYNNU1VFjP5cOwRwvqB_o/view?usp=drive_link,Surprise
372,https://drive.google.com/file/d/13Rmu2Lsg0Kg-7IUXpai5lmdPGDMl6VWp/view?usp=drive_link,Proud
373,https://drive.google.com/file/d/1atFJ7NdIi85K4Q8xqKtumuqbXh9MI46S/view?usp=drive_link,Surprise
374,https://drive.google.com/file/d/1PcmHcT9jRbICD5l0cMXj8U09riBuCn0E/view?usp=drive_link,Trust
375,https://drive.google.com/file/d/12vCO6h3yuOWkXrsIg9KGex6rQhaoyfzG/view?usp=drive_link,Sadness
376,https://drive.google.com/file/d/18VM0IKeONjgaxuHj1xxhJPPskoO7oN4C/view?usp=drive_link,Proud
377,https://drive.google.com/file/d/1UST7Jk52PQpIHKR8R42KN0Txip3jLYUX/view?usp=drive_link,Surprise
378,https://drive.google.com/file/d/1gv8ATmJJuC9zh7O__cTM-84vumtdCByU/view?usp=drive_link,Trust
379,https://drive.google.com/file/d/13K7o4RfQZj8NSVyvR31S5zn4LKchxeyZ/view?usp=drive_link,Surprise
380,https://drive.google.com/file/d/1rpAoVyWkv1g8-ennorDmvMbMONApc1yi/view?usp=drive_link,Surprise
381,https://drive.google.com/file/d/14tH60NXcdsU5vE1ZP2_Tle_qDX8ALL-4/view?usp=drive_link,Trust
382,https://drive.google.com/file/d/1DCP3G6YU6YeRRItM-2J8w2v2H_WJ_wah/view?usp=drive_link,Joy
383,https://drive.google.com/file/d/11QUEKO-d11n3eRg3IxcAU3Ppu9dtVTHJ/view?usp=drive_link,Surprise
384,https://drive.google.com/file/d/1TZiC-jU1Gq2NW3tRTdiFgy6GgfqLmxdl/view?usp=drive_link,Surprise
385,https://drive.google.com/file/d/1uO88nbGfXcPblVLxHpOlFCRf80wDPVxU/view?usp=drive_link,Surprise
386,https://drive.google.com/file/d/18Pa253imVyYnCQ1Br3jM2Hn29Nbx0rH0/view?usp=drive_link,Surprise
387,https://drive.google.com/file/d/1koJHh96MgfWI4vm96xGiPDS0wslvM2r_/view?usp=drive_link,Surprise
388,https://drive.google.com/file/d/1_IPDdNJ7xPFvWHy2-px1Pa7Qrj48aIWp/view?usp=drive_link,Trust
389,https://drive.google.com/file/d/1qAT4f_bKmaiLzUtmik8zSuMcv-ZPCgom/view?usp=drive_link,Neutral
390,https://drive.google.com/file/d/1lbnA57scQfUs1NtxPzdfc8lNxCN7EskH/view?usp=drive_link,Surprise
391,https://drive.google.com/file/d/1cNDwATeNRYBNEy5bp_RWZTwdNCgyU730/view?usp=drive_link,Neutral
392,https://drive.google.com/file/d/1MGqgewMa4G3Jo-K5vHcKnmHRbYc3cxX-/view?usp=drive_link,Surprise
393,https://drive.google.com/file/d/1sQ5YuTsgyWV6iUdtxPN3PcYZzI_WmTSd/view?usp=drive_link,Surprise
394,https://drive.google.com/file/d/1zwprulKsqNYyLDn40h1Of-iKmfy9KPem/view?usp=drive_link,Sadness
395,https://drive.google.com/file/d/1IyQWxwm75mMTNxF2X1K6MpU1DqKloGxc/view?usp=drive_link,Surprise
396,https://drive.google.com/file/d/1QEe9IVsQPVznXT9Sq2AvtxWRglgbL8u8/view?usp=drive_link,Surprise
397,https://drive.google.com/file/d/1aJVMO-4PF8IbcZEuBcdMDDZXH0HvvQ7Z/view?usp=drive_link,Proud
398,https://drive.google.com/file/d/1w-TQaLmAmRWnegKNoVEioBMkDb_QOrgE/view?usp=drive_link,Surprise
399,https://drive.google.com/file/d/1fkhY54gBd6_h0YAjEx9GcfX02kRHWHf5/view?usp=drive_link,Proud
400,https://drive.google.com/file/d/1gyvS8u2NWqkXGd-QkuhC6mw_6nNfM54M/view?usp=drive_link,Trust
401,https://drive.google.com/file/d/1kc5oblML5Q987meXXOGLhg7QT0EcXUQE/view?usp=drive_link,Proud
402,https://drive.google.com/file/d/1kHfCc-bx0BcSGHP_rBe0KOdhWO4rlULD/view?usp=drive_link,Trust
403,https://drive.google.com/file/d/1TK2wTHE8nH_FbFsjTqMmLHCdc5J8gvAC/view?usp=drive_link,Surprise
404,https://drive.google.com/file/d/1jz7UG4G8a5BgWRpDkwG4BMrbtUwgqz_1/view?usp=drive_link,Proud
405,https://www.instagram.com/reel/DMu9O1CP_cc/,Proud
406,"https://www.instagram.com/reel/DK_wDh1hwRG/
",Sadness
407,https://www.instagram.com/reel/DKbi4zyvG3T/,Surprise
408,https://www.instagram.com/reel/DKgtvrVu3yw/,Anger
409,https://www.instagram.com/reel/DKdef95Pp2Q/,Trust
410,https://www.instagram.com/reel/DJ9CDZnB6Em/,Anger
411,https://www.instagram.com/reel/DKVP0IxzhnY/,Surprise
412,https://www.instagram.com/reel/DJhUFq8vZQK/,Anger
413,https://www.instagram.com/reel/DNAirf9Pqyy/,Surprise
414,https://www.instagram.com/reel/DJdL3I_vyn7/,Joy
415,https://www.instagram.com/reel/DJ5sGBJPo-t/,Joy
416,https://www.instagram.com/reel/DJsXnLOha8u/,Joy
417,https://www.instagram.com/reel/DJvbFIVvlxT/,Surprise
418,https://www.instagram.com/reel/DAaxBJBSZ1K/?utm_source=ig_web_copy_link,Surprise
419,https://www.instagram.com/reel/DJ_pmxePpO0/,Sadness
420,https://www.instagram.com/reel/DMXTZgrPSvm/,Surprise
421,https://www.instagram.com/tv/CCOSpdujJ4k/,Proud
422,https://www.instagram.com/reel/DJ3wmd7PCCv/,Trust
423,https://www.instagram.com/reel/DJ9CRHlPX1f/,Surprise
424,https://www.instagram.com/reel/DMHoJzjPQxD/,Surprise
425,https://www.instagram.com/reel/DCTGsD5BY8_/,Surprise
426,https://www.instagram.com/reel/C9ecLnSOrIV/,Proud
427,https://www.instagram.com/reel/DJxLuIuzx1u/,Anger
428,https://www.instagram.com/reel/DKhARZmvGaY/,Joy
429,https://www.instagram.com/reel/DIPxjcdSdYv/,Proud
430,https://www.instagram.com/reel/DJiX-UIvH9_/,Surprise
431,https://www.instagram.com/reel/DJwP5StPWix/,Proud
432,https://www.instagram.com/reel/DJx3eoqvDxX/,Proud
433,https://www.instagram.com/reel/DNIZu8tJJmt/,Surprise
434,https://www.instagram.com/reel/Cv1eEmSs7DX/,Proud
435,https://www.instagram.com/reel/DJrKhl0tg2k/,Proud
436,https://www.instagram.com/reel/DMKM3ChP24e/,Proud
437,https://www.instagram.com/reel/DLJqzGNPgfT/,Joy
438,https://www.instagram.com/reel/DL99KPdPUlQ/,Surprise
439,https://www.instagram.com/reel/DNE3DrKvBLU/,Surprise
440,https://www.instagram.com/reel/DMyvip8SNKp/,Proud
441,https://www.instagram.com/reel/DJrZS4wvzA1/,Surprise
442,https://www.instagram.com/reel/DLTsRcnTYOy/,Proud
443,https://www.instagram.com/reel/DCwMSoDNbxa/,Surprise
444,https://www.instagram.com/reel/DNIZ-Qryj6Z/,Surprise
445,https://www.instagram.com/moladin_id/reel/DDlSrZYSvAN/,Surprise
446,https://www.instagram.com/moladin_id/reel/DKcEvw-yNJd/,Surprise
447,https://www.instagram.com/moladin_id/reel/DElz8FpS2rg/,Surprise
448,https://www.instagram.com/moladin_id/reel/DEm23d2yzeu/,Surprise
449,https://www.instagram.com/reel/DKji0r6SU40/,Surprise
450,https://www.instagram.com/moladin_id/reel/DH0pH5vSZQy/,Surprise
451,https://www.instagram.com/reel/DG5nD_aykGo/,Surprise
452,https://www.instagram.com/reel/DKzV_YByh1A/,Surprise
453,https://www.instagram.com/reel/DMzRtsgS7CM/,Surprise
454,https://www.instagram.com/moladin_id/reel/DFXxK6cSSuh/,Trust
455,https://www.instagram.com/moladin_id/reel/DMxYMsNSZ5x/,Proud
456,https://www.instagram.com/moladin_id/reel/DMppfoHSJ_I/,Proud
457,https://www.instagram.com/moladin_id/reel/DC5s_nJS-Df/,Surprise
458,https://www.instagram.com/moladin_id/reel/DMus1qdh63R/,Surprise
459,https://www.instagram.com/reel/DJWYRiby-cY/,Proud
460,https://www.instagram.com/reel/DLZoJ8CytTe/,Surprise
461,https://www.instagram.com/moladin_id/reel/DDq5sbiSdfx/,Trust
462,https://www.instagram.com/reel/DH5DVpFyEXV/,Trust
463,https://www.instagram.com/reel/DDFCBDQS1J3/,Surprise
464,https://www.instagram.com/moladin_id/reel/DM2G4Yny06x/,Trust
465,https://www.instagram.com/moladin_id/reel/DFu7bn8S5k8/,Proud
466,https://www.instagram.com/reel/DFp8hyZyAna/,Trust
467,https://www.instagram.com/reel/DF1kmTKSWHf/,Trust
468,https://www.instagram.com/reel/DLpiur6yIvq/,Surprise
469,https://www.instagram.com/reel/DIlmd-4SO7s/,Surprise
470,https://www.instagram.com/reel/DGKpBnFSzTN/,Trust
471,https://www.instagram.com/reel/DJoejAOS-h2/,Trust
472,https://www.instagram.com/reel/DExIKhNyAqa/,Surprise
473,https://www.instagram.com/reel/DI1C7yEBiqe/,Surprise
474,https://www.instagram.com/moladin_id/reel/DM7rDvfy3_k/,Surprise
475,https://www.instagram.com/reel/DMzhzVLy9hg/,Surprise
476,https://www.instagram.com/reel/DHdsmZEyc94/,Surprise
477,https://www.instagram.com/reel/DJrjeGsSIyc/,Surprise
478,https://www.instagram.com/reel/DKT5itwyTPp/,Sadness
479,https://www.instagram.com/reel/DM1pR0ey3sX/,Surprise
480,https://www.instagram.com/moladin_id/reel/DFaLH18SJAa/,Surprise
481,https://www.instagram.com/moladin_id/reel/DKv6hteyHsO/,Surprise
482,https://www.instagram.com/moladin_id/reel/DLuM-zqy_vD/,Anger
483,https://www.instagram.com/reel/DJGWk0tJwe8/,Joy
484,https://www.instagram.com/reel/DMZ0V5Fpi1j/,Joy
485,https://www.instagram.com/reel/DMztaoaJdth/,Joy
486,https://www.instagram.com/reel/DHoxp-nTr5A/,Surprise
487,https://www.instagram.com/reel/DMbifQvBvxE/,Surprise
488,https://www.instagram.com/reel/DMwfzmvpolh/,Surprise
489,https://www.instagram.com/reel/DHt61dSzxF5/,Surprise
490,https://www.instagram.com/reel/DHK03enJEes/,Surprise
491,https://www.instagram.com/reel/DK9I9hwpBxE/,Surprise
492,https://www.instagram.com/reel/DKyVUNlpBv-/,Surprise
493,https://www.instagram.com/reel/DHwfy_cT9QI/,Fear
494,https://www.instagram.com/reel/DK68neNpv_z/,Sadness
495,https://www.instagram.com/reel/DM-MoXEJv7m/,Surprise
496,https://www.instagram.com/reel/DM4qKYWJXcc/,Surprise
497,https://www.instagram.com/reel/DLzEOuRJyY9/,Surprise
498,https://www.instagram.com/reel/DJ_31q2pmIB/,Joy
499,https://www.instagram.com/reel/DHrWmL0zzRB/,Surprise
500,https://www.instagram.com/reel/DKuNykmzl8i/,Joy
501,https://www.instagram.com/reel/DMaJB-KJbM1/,Joy
502,https://www.instagram.com/reel/DHMczehTEgW/,Surprise
503,https://www.instagram.com/reel/DM_4hlAJR8U/,Surprise
504,https://www.instagram.com/reel/DHNODLIpQ_y/,Joy
505,https://www.instagram.com/reel/DMxecAZJV7F/,Joy
506,https://www.instagram.com/reel/DEl-hhEyCX4/,Trust
507,https://www.instagram.com/reel/DNDbR2lJ7sn/,Surprise
508,https://www.instagram.com/reel/DM9-q-rpVW6/,Surprise
509,https://www.instagram.com/reel/DHnNXV3JFse/,Surprise
510,https://www.instagram.com/reel/DHp-TW1yo-x/,Joy
511,https://www.instagram.com/reel/DHNXNrQyMqc/,Anger
512,https://www.instagram.com/reel/DK3mIHdzM65/,Surprise
513,https://www.instagram.com/reel/DNAxNJKpnJT/,Joy
514,https://www.instagram.com/reel/DJYt9haJ4uh/,Joy
515,https://www.instagram.com/reel/DJTQJ6zJA33/,Joy
516,https://www.instagram.com/reel/DMuIn2BJhgC/,Joy
517,https://www.instagram.com/reel/DL8oCzzyd9d/,Surprise
518,https://www.instagram.com/reel/DHMcfp5zmrx/,Surprise
519,https://www.instagram.com/reel/DJiHJRXzxEW/,Surprise
520,https://www.instagram.com/reel/DNF5kvrJIpl/,Anger
521,https://www.instagram.com/reel/DJqtB7upaqL/,Joy
522,https://www.instagram.com/reel/DJlvZ19pO3Z/,Joy
523,https://www.instagram.com/reel/DK6KDASJ9q8/,Anger
524,https://www.instagram.com/reel/DHppRXQyl6Q/,Joy
525,https://www.instagram.com/reel/DMu0uGhJ-Ll/,Surprise
526,https://drive.google.com/file/d/1TsssLBV9UK2CyCeHY-qWf-AN7xdqWVSL/view?usp=sharing,Surprise
527,https://drive.google.com/file/d/1k7yqx0DAeO8yMyj5va5Oe8mgB0Jialu5/view?usp=sharing,Trust
528,https://drive.google.com/file/d/1SClBWIykBWYBR97lUcitK1nbexZJMpVn/view?usp=sharing,Trust
529,https://drive.google.com/file/d/1SLzwB2vFY8ZxxWJQWagAlk_Q8qdKvQZu/view?usp=sharing,Fear
530,https://drive.google.com/file/d/1xohZ4PTuUWwJKHH-nlKLsfWgcUe6q0gE/view?usp=sharing,Proud
531,https://drive.google.com/file/d/1DtF-9-m3T2BmkMbxZOyW0mocKSyK69zW/view?usp=sharing,Proud
532,https://drive.google.com/file/d/11m6BZ-FlGSep5Yk_OXG-l4vXVscj3XiV/view?usp=sharing,Trust
533,https://drive.google.com/file/d/10oaPryWiAQJ1zhgvz9umlAsLGwVb7Qk0/view?usp=sharing,Trust
534,https://drive.google.com/file/d/1clMd4lL0Odism-RJzRkkGlbpnsNxVnUt/view?usp=sharing,Surprise
535,https://drive.google.com/file/d/1PO2U34pcKAcxAOJtwmSejmRgNB5koTEi/view?usp=sharing,Proud
536,https://drive.google.com/file/d/19ai_jDyg7RQ4a7v8qmkgF9GPuOAR1zvI/view?usp=sharing,Surprise
537,https://drive.google.com/file/d/109Zhcay8nqy9EBWMevT6Efw7pBoAOinQ/view?usp=sharing,Trust
538,https://drive.google.com/file/d/1REqm_JWcaZA73Jy4XMtl-gd7CiExVizn/view?usp=sharing,Proud
539,https://www.instagram.com/reel/DKZVA8DJq89/?igsh=YXUwbHBnOG5udTJt,Proud
540,https://drive.google.com/file/d/1fxLBDzhzEvq589e2pwRIgajrLKvTu2YD/view?usp=sharing,Proud
541,https://drive.google.com/file/d/19DN24hfiZdBYnIev8U9DTvsE70FjmhSF/view?usp=sharing,Surprise
542,https://drive.google.com/file/d/16isnjbizI64UPWSWc29ADT-Da0iWuKtu/view?usp=sharing,Surprise
543,https://drive.google.com/file/d/1C_hIfvMOCncO8cucOt-XXwhob0EZ1F6p/view?usp=sharing,Proud
544,https://drive.google.com/file/d/1Yl1ocOLrNkvokbxAJNGFJd6FC1eYzhm4/view?usp=sharing,Proud
545,https://drive.google.com/file/d/1RuG8tAU9xSDT6oYf_gox_krLOGl5zZAT/view?usp=sharing,Proud
546,https://drive.google.com/file/d/1etsHQdM46Ah4UsNm8uyIL08w4otU9slH/view?usp=sharing,Surprise
547,https://drive.google.com/file/d/1AKOpU-T717YOtLwbTSqV1ECf1SarMYzR/view?usp=sharing,Proud
548,https://drive.google.com/file/d/1qIq1UsEs-OgQahU8FAu93jkv7KpmlsKA/view?usp=sharing,Surprise
549,https://drive.google.com/file/d/102kK5zq2dvrb81sAoK6tOcWExWj15pRX/view?usp=sharing,Trust
550,https://drive.google.com/file/d/1b7WCqKGBXJD4wZia0ke1CP9ZYituynGn/view?usp=sharing,Proud
551,https://drive.google.com/file/d/1x50LZ0k1yXgSGNIjv0md22yM06WKPKuU/view?usp=sharing,Surprise
552,https://drive.google.com/file/d/1yLyoC9nI4gazvTGLfppJVKitpQA1xb9K/view?usp=sharing,Joy
553,https://drive.google.com/file/d/1vjaFMg4gcw513QhmK2q3d2gg-Y5oB71U/view?usp=sharing,Trust
554,https://drive.google.com/file/d/1bh-6oY-dAOw08yVXIc-416tDFEeisPFR/view?usp=sharing,Surprise
555,https://drive.google.com/file/d/1irj5JRI7t68x1Or_uWrbpv-9Xa7cGyWE/view?usp=sharing,Trust
556,https://drive.google.com/file/d/1KAy5cgBU386KwCjEeaniP4P7FDkWu5cH/view?usp=sharing,Trust
557,https://drive.google.com/file/d/1GirafhnqZPpOpv2qn7G7Unp1yKeBRvSW/view?usp=sharing,Trust
558,https://drive.google.com/file/d/1ks5YYxJtTG-YB49TdxqZT0Eme3zMRb-b/view?usp=sharing,Proud
559,https://drive.google.com/file/d/1g7Psf62v7dErnIBYEvpxtfc1djyMCS0l/view?usp=sharing,Proud
560,https://drive.google.com/file/d/1kj1MAL40UOCtOhBoBisMdVWELfzRgWZp/view?usp=sharing,Trust
561,https://drive.google.com/file/d/1lJeWDVKUMGYuTio3v5VayeJIojWGQW6E/view?usp=sharing,Proud
562,https://drive.google.com/file/d/1kWnsda1Gnjv95ftXeZYL2A_N-sz1RJ2R/view?usp=sharing,Surprise
563,https://drive.google.com/file/d/1Oc5Q-niMiBiAH2QEv-RxW7jJX1ldfrfi/view?usp=sharing,Trust
564,https://drive.google.com/file/d/1g2liHVQnD1CUknV6v8CMX2kdinFYaXIu/view?usp=sharing,Trust
565,https://drive.google.com/file/d/14AK_pf1gN1Tiesh4LtrO3AWtP-fuS-dd/view?usp=sharing,Surprise
566,https://drive.google.com/file/d/17Jf_b4DdNajEeBfHJXBfpzO9cXWrCJ9j/view?usp=drive_link,Anger
567,https://drive.google.com/file/d/1NIWRtQwRup1CXoykRSIJBBAvrMr-Ochv/view?usp=drive_link,Surprise
568,https://drive.google.com/file/d/1nPpOLbyFqcxOgPn9r-2HZo34rYIiM26b/view?usp=drive_link,Surprise
569,https://drive.google.com/file/d/1Szy2uHW3fbw_8cXU9dd3gVhnMMyKQwbE/view?usp=drive_link,Surprise
570,https://drive.google.com/file/d/15WAQZUr8vca0iySZ4tbfoW9DSJagdFrf/view?usp=drive_link,Surprise
571,https://drive.google.com/file/d/1dc3XWlk-5vWkVD5eAYwGhJyvTaQyO_c5/view?usp=drive_link,Surprise
572,https://drive.google.com/file/d/1XGzX-NKZenX55Qzsx7KhKr0ahi4PaXgd/view?usp=drive_link,Fear
573,https://drive.google.com/file/d/1c8v7me2ePXotPxLdcoG3os5bCXHDMg2R/view?usp=drive_link,Surprise
574,https://drive.google.com/file/d/130rPD9OS8xXR1U1bbc6Vsjahc-G-_FOJ/view?usp=drive_link,Trust
575,https://drive.google.com/file/d/1jggeBXI_a_ING9T_N1CHGMv4r5wF7-mN/view?usp=drive_link,Surprise
576,https://drive.google.com/file/d/1YIqQHOYRoED2dnnOnLSuwdrBhyi_66uo/view?usp=drive_link,Trust
577,https://drive.google.com/file/d/1ICfqbK4IxFcOHgmv47hKvl2DfiJwcYT-/view?usp=drive_link,Trust
578,https://drive.google.com/file/d/16-BGXhC3vx8cIHCAUuCLzRDDgURLfuqm/view?usp=drive_link,Anger
579,https://drive.google.com/file/d/1-XdPMmLudB3wDGacaC5xnnV6DU-3EuU7/view?usp=drive_link,Surprise
580,https://drive.google.com/file/d/1sCo2Ny7hibq0PBNPA8idlyUyWrkjAK51/view?usp=drive_link,Anger
581,https://drive.google.com/file/d/14XW8Xz8oi2q4HGcoBWXBIrpRnK8RUSDO/view?usp=drive_link,Trust
582,https://drive.google.com/file/d/109MCw_X6oZVgYJRL7BeX3WhM_S9EYA_l/view?usp=drive_link,Trust
583,https://drive.google.com/file/d/1m7GKbzI-IPkccCckRckT2MMyAo3PxRja/view?usp=drive_link,Anger
584,https://drive.google.com/file/d/1Zr_9U8OR77AmP3QJ_x-BbvNjxG0XBZTQ/view?usp=drive_link,Surprise
585,https://drive.google.com/file/d/1-hYNpXmmuOep5J-ddE_c3Dt-5mDbaLVa/view?usp=drive_link,Trust
586,https://drive.google.com/file/d/1otj8NW62zkxMRuQVOz8oc0uzzpEdC4-2/view?usp=drive_link,Proud
587,https://drive.google.com/file/d/17pFvQ3qPJZiYAB2AYHc7888_IR0GsIGz/view?usp=drive_link,Surprise
588,https://drive.google.com/file/d/1DSfKv-iiVhftQ6Cz3v_qu7pop9WfQvWO/view?usp=drive_link,Trust
589,https://drive.google.com/file/d/100k9DmyVOSI0F_Pgg9hPvxz1knv8Treo/view?usp=drive_link,Surprise
590,https://drive.google.com/file/d/1hqV23imz-CZ1PvjD5D6VBYAfKMcnQsl6/view?usp=drive_link,Anger
591,https://drive.google.com/file/d/1mLN0aGbjgAFOkC4hQXo_vR20cHVlP05A/view?usp=drive_link,Sadness
592,https://drive.google.com/file/d/1PdTWWjH66iIWgJPefVzIeuKqYBdkrsI2/view?usp=drive_link,Joy
593,https://drive.google.com/file/d/1zqccjSV6gPHkAfzaTElVisBYWO3ZL5lB/view?usp=drive_link,Surprise
594,https://drive.google.com/file/d/1tQOKBy4t_zaTLxZv_RyZ0uWc-VEV4yS1/view?usp=drive_link,Surprise
595,https://drive.google.com/file/d/1FJvXEnCOcu9NUnN2mx7y3b_Vfht1PoI2/view?usp=drive_link,Trust
596,https://drive.google.com/file/d/1BuXK9wn-IXR6Gz_su7N1RzI_Tbh0Y0vd/view?usp=drive_link,Surprise
597,https://drive.google.com/file/d/1V9DwnwhgH5edkoD7zJZHWfSOyE7FShUt/view?usp=drive_link,Surprise
598,https://drive.google.com/file/d/1UoIpEESJpYhl6ktsFX0l1Q_lGS2JQE4a/view?usp=drive_link,Surprise
599,https://drive.google.com/file/d/1N_tmTCnlUew4zz00tTx-5WFTfJew-mlD/view?usp=drive_link,Surprise
600,https://drive.google.com/file/d/1WXFtSqo9CoaUaUjAS25NYQ4ygwrbb4Tg/view?usp=drive_link,Trust
601,https://drive.google.com/file/d/1lWWp2V4PPrrCe5oqFnES74tQraNiNl2I/view?usp=drive_link,Fear
602,https://drive.google.com/file/d/1xdNwtzW3NkRnczPZMlvWKNiXK0AVOb8q/view?usp=drive_link,Trust
603,https://drive.google.com/file/d/1EmQ15FK-_xmU6OlmRdAB25KzXqIP-Igy/view?usp=drive_link,Surprise
604,https://drive.google.com/file/d/1PAF7kyIsR0Y4IhMH_qv3su1-FNhWatb1/view?usp=drive_link,Surprise
605,https://drive.google.com/file/d/1TJfHdE_I2qE3PzOzmeiNlxuv_8sbpqTf/view?usp=drive_link,Trust
606,https://drive.google.com/file/d/1TBxEKfVbZHXKByNuG8cEKpGNkCz_nQTf/view?usp=drive_link,Surprise
607,https://drive.google.com/file/d/19V-AnERnUCKVbRmFM1U9UGmV7DagQFhL/view?usp=sharing,Surprise
608,https://drive.google.com/file/d/1z_ht8tUGHqrXLijQntzDHDGvnVxYvp67/view?usp=drive_link,Anger
609,https://drive.google.com/file/d/1nc1WP7TU_aiyYyrknGGLx1WsSB1xPHu9/view?usp=sharing,Surprise
610,https://drive.google.com/file/d/17PEh13iqDufZbFYrX99th4oGWUyMBOrO/view?usp=drive_link,Surprise
611,https://drive.google.com/file/d/1_1pUppoq1CubSilNkIilvXy9BUMvqN5a/view?usp=sharing,Surprise
612,https://drive.google.com/file/d/1BerFy1B8lI20y4_fQ8EIRezwaIBzftfs/view?usp=drive_link,Proud
613,https://drive.google.com/file/d/16SaYRXtDM9dBkgy9c0esEkPw_UNpMLF5/view?usp=sharing,Anger
614,https://drive.google.com/file/d/13y34c8Vn-tnRdw2NMRPzW1f_QUljfX-A/view?usp=drive_link,Surprise
615,https://drive.google.com/file/d/1oVqUQe3KXE6ZiakQGOLSV39FSSxSZflf/view?usp=sharing,Surprise
616,https://drive.google.com/file/d/1YLZL1FogofxtQ1zJKcVNjTSxCKTN6jXz/view?usp=drive_link,Surprise
617,https://drive.google.com/file/d/1qafYENW_uZGnahRbSTvb3iOYv01wYmm5/view?usp=sharing,Surprise
618,https://drive.google.com/file/d/13eE_1qXoSDqlVNxyi41nLlHOfroaGvgF/view?usp=sharing,Anger
619,https://drive.google.com/file/d/1j8J2v9fRDJV7_BPiDCq50SEGbuErKV99/view?usp=drive_link,Surprise
620,https://drive.google.com/file/d/15G61xFAnsKP6pSqf_OlTmcMSjKoXjL2t/view?usp=sharing,Surprise
621,https://drive.google.com/file/d/1ArjlJjHMZ88_6Js-3l7OzvP9bdj0vkQb/view?usp=sharing,Trust
622,https://drive.google.com/file/d/1UE04wkbPDVwJAE8yDJ0CXAOInVEzH7Fx/view?usp=drive_link,Surprise
623,https://drive.google.com/file/d/1P6PgAAZKmoYiKR8ekl0_2K2N8NdCbFXy/view?usp=sharing,Surprise
624,https://drive.google.com/file/d/1UB8tXY1CEoU1E3JuvqR6HSIHzT9cVAvH/view?usp=drive_link,Proud
625,https://drive.google.com/file/d/14DVME9QFrjHl0N8FD7vI-c11kqz9Ev-C/view?usp=sharing,Surprise
626,https://drive.google.com/file/d/1_bgAkwYdX91eMUGm6OyaWLJa9QOTketj/view?usp=sharing,Surprise
627,https://www.instagram.com/reel/CoGKcP0BYcu/?igsh=OGh3aXFpc3BidmZl,Surprise
628,https://drive.google.com/file/d/1QKbQgPG6bA1WDwuGpEvAnMmw1_qbtkFk/view?usp=drive_link,Anger
629,https://drive.google.com/file/d/1m6QMiRFLNN-ar8SirWcd7F7biMVQkQcQ/view?usp=drive_link,Anger
630,https://www.instagram.com/reel/Cjc9mzVDnK1/?igsh=cmhqb2Fhc3gyamdm,Surprise
631,https://drive.google.com/file/d/1V42ONkSg7UkrdxWF67Xj3719CPVN8Yp-/view?usp=drive_link,Trust
632,https://drive.google.com/file/d/1eeHcjzmCadvIdIQp7Zs0NTUaDBQc2TD-/view?usp=drive_link,Surprise
633,https://drive.google.com/file/d/12ENYEj_jRUN8l0Mj2e-6yjilOwqvnQOl/view?usp=sharing,Surprise
634,https://www.instagram.com/reel/DBYfWZ9y-KV/?igsh=MWo1NzlnbTYzdTQycA==,Surprise
635,https://drive.google.com/file/d/1J1ptOdz_I3WUnaF87jU2PNQszcn5C9DM/view?usp=drive_link,Anger
636,https://drive.google.com/file/d/1nw_h5-2cBUKGVYQ-bvYKcGlGNMNU0Ace/view?usp=drive_link,Fear
637,https://drive.google.com/file/d/1Aomlf0yj4AGdb8U5cMR5yxHqAMzRfrHE/view?usp=sharing,Surprise
638,https://drive.google.com/file/d/1o8hCq7EPrIX-cFFz4INcAZYIKPj9zVEm/view?usp=drive_link,Surprise
639,https://drive.google.com/file/d/1u4RaQEcXtvZ3PcEZ_3XxdvZbd3LehmUA/view?usp=sharing,Surprise
640,https://www.instagram.com/reel/C-KmtFmhA3N/?igsh=bG85dmNhMG5kZ3hy,Surprise
641,https://www.instagram.com/reel/DEWsCChyN_T/?igsh=MXNscmNnbWdwenVpeQ==,Surprise
642,https://drive.google.com/file/d/1Z1dQGUr1PjpzPrtCS1mdNnJ54kaks3RA/view?usp=sharing,Anger
643,https://drive.google.com/file/d/1L8Gz_VS5F-F30IfDnOzS-5N_1C4yKBHt/view?usp=sharing,Surprise
644,https://drive.google.com/file/d/15hAOu9ZkqsMUx6-Zk-jN3OC_vm-4kaig/view?usp=sharing,Proud
645,https://drive.google.com/file/d/1L2j2rvvi7Ouya7LPsDSjvZxktkcxWVDu/view?usp=sharing,Proud
646,https://drive.google.com/file/d/1yrAlWfFbW_Qc7v9dihvQL-K4tjaVk125/view?usp=share_link,Surprise
647,https://drive.google.com/file/d/1jOY97q2Wi0Ld1kal3sp_HWf-kdg7zwnQ/view?usp=share_link,Joy
648,https://drive.google.com/file/d/1sJT5sdtuUdbmUicNVTEc-5EIeC5x3u2d/view?usp=share_link,Proud
649,https://www.instagram.com/reel/DK62VvLzqpA/,Trust
650,https://drive.google.com/file/d/12YBpn9zWc_3FfDadbmlip4s98_GjqUGY/view?usp=share_link,Proud
651,https://drive.google.com/file/d/15eAQE4XB1hNHvw1xth0HGhJXNXV-oWoh/view?usp=share_link,Neutral
652,https://drive.google.com/file/d/1ymuQGbpxBhsDT62QSXfa6R1067HMAJlS/view?usp=share_link,Surprise
653,https://drive.google.com/file/d/17YcFgqkUgJNK0QRSYzS3TCNl4forkLY9/view?usp=share_link,Trust
654,https://drive.google.com/file/d/1IVFV4YP5U8RA09XkJWce33IDG-NniwsI/view?usp=share_link,Proud
655,https://www.instagram.com/reel/DHfq6pzz5va/,Surprise
656,https://www.instagram.com/reel/DEH-AmOTZDB/,Proud
657,https://www.instagram.com/reel/DEhZ4GazM-B/,Joy
658,https://www.instagram.com/reel/DDUjYZUzgmI/,Proud
659,https://www.instagram.com/reel/DC_j_grTwnj/,Proud
660,https://drive.google.com/file/d/1Z0R2rTW-5RS9HJcBABrpup7nH7SlTj5j/view?usp=share_link,Surprise
661,https://drive.google.com/file/d/1MboozvxFYXgKh8l85GGdiIGjOZ4eRW61/view?usp=share_link,Trust
662,https://www.instagram.com/reel/DGdDelfzAwD/,Surprise
663,https://drive.google.com/file/d/1nTkG23Qe0oj7L3o36mEpL4tV5jt6DrYL/view?usp=share_link,Surprise
664,https://drive.google.com/file/d/1PV30C4EsvVxjg7zZ7hPsnD7dCQatlXFC/view?usp=share_link,Trust
665,https://drive.google.com/file/d/1DEAfg4O7qEp2TJhj90Bof1z-IloozytN/view?usp=share_link,Trust
666,https://drive.google.com/file/d/1JhCvTh_WDl5ZtMz_YEiwInBAjevjXKC8/view?usp=share_link,Trust
667,https://drive.google.com/file/d/17wk0sQNsLkH_cYf8KTBBpdwow2L73dMS/view?usp=share_link,Trust
668,https://drive.google.com/file/d/1fN1affZopZ9IeFJqzKw5FsOxxaHY8fDv/view?usp=share_link,Trust
669,https://drive.google.com/file/d/19Caz_xMd2IIDY_NqjA3NK3VRG0SFs-zz/view?usp=share_link,Sadness
670,https://drive.google.com/file/d/12YBpn9zWc_3FfDadbmlip4s98_GjqUGY/view?usp=share_link,Trust
671,https://www.instagram.com/reel/DK2D0crz3Tc/,Trust
672,https://www.instagram.com/reel/DK4nDMezW1C/,Trust
673,https://drive.google.com/file/d/194wGCu3ERAKRVw9xlpONfDtPp4VRGQvx/view?usp=share_link,Fear
674,https://drive.google.com/file/d/1YIy7DteRuFINaJ7Wb2UQDIReVLnXngma/view?usp=share_link,Surprise
675,https://www.instagram.com/reel/DF0LwJfzPPv/,Trust
676,https://drive.google.com/file/d/12YBpn9zWc_3FfDadbmlip4s98_GjqUGY/view?usp=share_link,Proud
677,https://www.instagram.com/reel/DL4sfh7PK_y/,Trust
678,https://www.instagram.com/reel/DJRcLlWvb8R/,Surprise
679,https://drive.google.com/file/d/1-I5pq-J_GLJoo9Fts-_BJsh4ZNNM3rIf/view?usp=share_link,Neutral
680,https://www.instagram.com/reel/DJ_x5YVPNwG/,Proud
681,https://www.instagram.com/reel/DM7oir8PMUG/,Surprise
682,https://drive.google.com/file/d/1p038dj4eJdiZPGb5gmlJSSKTnICKsP2A/view?usp=share_link,Trust
683,https://drive.google.com/file/d/1gnZsJDG051DI8tzpbKMfoBxDXtuJaO0M/view?usp=share_link,Proud
684,https://drive.google.com/file/d/1fcJTgPvtqhrs8uc-Kui5z_Rk7l_Z352G/view?usp=share_link,Proud
685,https://www.instagram.com/buburayamracer/reel/DMb2iVHTUma/,Joy
686,https://www.instagram.com/otomotif_tv/reel/DGmwCehPHVX/,Surprise
687,https://www.instagram.com/otomotif_tv/reel/DGQqs6uSQZ2/,Surprise
688,https://www.instagram.com/otomotif_tv/reel/DMbkMM7zuNt/,Surprise
689,https://www.instagram.com/otomotifweekly/reel/DMG8GSMycm6/,Trust
690,https://www.instagram.com/otomotif_tv/reel/DLlwAYFhEDG/,Surprise
691,https://www.instagram.com/otomotifweekly/reel/DLlwAYFhEDG/,Surprise
692,https://www.instagram.com/jagat.review/reel/DM_-hwyRkLr/,Trust
693,https://www.instagram.com/jagat.review/reel/DKqiyEhyXzF/,Proud
694,https://www.instagram.com/otomotif_tv/reel/DL39mEOR7ll/,Surprise
695,https://www.instagram.com/jagat.review/reel/DIxchZfIBBj/,Proud
696,https://www.instagram.com/otomotif_tv/reel/DJtG-oUylM-/,Surprise
697,https://www.instagram.com/otomotifweekly/reel/DMPbuoeRItb/,Surprise
698,https://www.instagram.com/jagat.review/reel/DMUJzKiR8WN/,Proud
699,https://www.instagram.com/jagat.review/reel/DLG08iOSqJu/,Trust
700,https://www.instagram.com/jagat.review/reel/DLJWgskSTkD/,Surprise
701,https://www.instagram.com/jagat.review/reel/DKD7zPWot9i/,Surprise
702,https://www.instagram.com/otomotif_tv/reel/DJK3Q_IzBmV/,Surprise
703,https://www.instagram.com/jagat.review/reel/DK9Qx0nRX1M/,Surprise
704,https://www.instagram.com/buburayamracer/reel/DMP06ghP33R/,Surprise
705,https://www.instagram.com/jagat.review/reel/DK1hPESxtmt/,Surprise
706,https://www.instagram.com/autonetmagz/reel/DMjOYJrzCQp/,Trust
707,https://www.instagram.com/jagat.review/reel/DJ1JEKvx6vX/,Surprise
708,https://www.instagram.com/jagat.review/reel/DLRy8VqRyRC/,Surprise
709,https://www.instagram.com/jagat.review/reel/DM9aQ7jxWd-/,Surprise
710,https://www.instagram.com/jagat.review/reel/DK_GTyvSUiS/,Proud
711,https://www.instagram.com/autonetmagz/reel/DMDxiDsyM8k/,Surprise
712,https://www.instagram.com/reel/DMh5-IjhyIw/,Proud
713,https://www.instagram.com/otomotif_tv/reel/DJLpZPuxSZY/,Surprise
714,https://www.instagram.com/otomotif_tv/reel/DL86TnGJCJ2/,Proud
715,https://www.instagram.com/otomotif_tv/reel/DHanJvYJ5-D/,Proud
716,https://www.instagram.com/autonetmagz/reel/DLXVnweSFFf/,Surprise
717,https://www.instagram.com/jagat.review/reel/DMfN-ehv59F/,Surprise
718,https://www.instagram.com/otomotif_tv/reel/DMWrRymh0tx/,Trust
719,https://www.instagram.com/otomotifweekly/reel/DMWrRymh0tx/,Trust
720,https://www.instagram.com/jagat.review/reel/DKL5mX2Sdi3/,Surprise
721,https://www.instagram.com/jagat.review/reel/DME6UG9R7pd/,Trust
722,https://www.instagram.com/otomotif_tv/reel/DHqYoypJhJm/,Surprise
723,https://www.instagram.com/otomotif_tv/reel/DKOd9H9hnLI/,Surprise
724,https://www.instagram.com/jagat.review/reel/DMRsIjVxA4J/,Proud
725,https://www.instagram.com/otomotif_tv/reel/DGVdOe8zMbx/,Surprise
726,https://www.instagram.com/reel/DLm4ogqhswJ/?igsh=NjR3dGN3bWN2dGNh,Surprise
727,https://instagram.com/p/DGsKrpyyPZW/,Trust
728,https://www.instagram.com/reel/DAQaie5ybcg/?igsh=a2FkYnN1bjFhdXNz,Surprise
729,https://www.instagram.com/reel/DMMgNtJhcB-/?igsh=ZTd3eHNkYjB0dXRy,Trust
730,https://www.instagram.com/reel/DAf3elTy1yM/?igsh=MWhiNDIwMzA4ZnBmMw==,Surprise
731,https://www.instagram.com/reel/DMB-jFDhexG/?igsh=MTJneDEyNHZxeGNvMg==,Joy
732,https://www.instagram.com/reel/C_fE3M7yLww/?igsh=bDdxaTU3cGxpZDMx,Surprise
733,https://www.instagram.com/reel/DLMvuIku2O_/?igsh=MXIzNDNuamFpZnRlZg==,Proud
734,https://www.instagram.com/reel/C-j1feey-EQ/?igsh=MWJqNmw0dDZwdW1yeQ==,Surprise
735,https://instagram.com/p/DIv0YHdyB5I/,Surprise
736,https://www.instagram.com/reel/DGwrd_DStnQ/?igsh=MWY3bTZsZWhydm44ZA==,Surprise
737,https://instagram.com/p/DKWLmlTSZ6-/,Surprise
738,https://www.instagram.com/reel/DLhVH5tSeOQ/?igsh=MWFjamUxY3lybnN4NQ==,Sadness
739,https://www.instagram.com/reel/DIq791DyhWA/?igsh=MWF3eWN0MHR5b2c1MQ==,Surprise
740,https://www.instagram.com/reel/C40TPV7SXUx/?igsh=MWM5MmFic3NzdmR3OA==,Trust
741,https://www.instagram.com/reel/C9hTBa0Szhb/?igsh=b2M1cHFtdWZpZmp5,Surprise
742,https://www.instagram.com/reel/C9YyheLyNPk/?igsh=MTZ3d2dzdHMyeXh1bg==,Surprise
743,https://www.instagram.com/reel/C9mg-D4SY5R/?igsh=NHd3NTlwNnIwMzNr,Trust
744,https://www.instagram.com/reel/C_iEMTMSYJe/?igsh=MWowMzA2cmdta3RlYw==,Surprise
745,https://www.instagram.com/reel/C9ThsOBybkL/?igsh=MTE5cXVodnpmczJvaQ==,Sadness
746,https://instagram.com/p/DJJHBZ5Sr_6/,Surprise
747,https://www.instagram.com/reel/DHqKyb0yi6S/?igsh=anI4YnN4bzR3emU1,Surprise
748,https://www.instagram.com/reel/DGVfxbYSfzC/?igsh=MThyNmluZ3ZzZGR6Yw==,Surprise
749,https://www.instagram.com/reel/DMSllfphro-/?igsh=czkwajhoNnU5ZWF6,Trust
750,https://www.instagram.com/reel/DFhid58y-oG/?igsh=ejlmaXNtenVtbm8=,Surprise
751,https://www.instagram.com/reel/DHUqgc8y-Vj/?igsh=NGx4dnRndDQ2ang0,Sadness
752,https://instagram.com/p/DIbKUhAyTQ0/,Proud
753,https://www.instagram.com/reel/DJova1xBz34/?igsh=MTY4bGEyZWYzeG4xMg==,Surprise
754,https://www.instagram.com/reel/DFzqLdTSoPw/?igsh=Yzd4OXZmcGR2emZy,Surprise
755,https://instagram.com/p/DJ_vMG1S3t2/,Surprise
756,https://www.instagram.com/reel/DAvco06yQ0e/?igsh=MTJkNmMwZTQyMGp4dQ==,Trust
757,https://www.instagram.com/reel/DJWhd5lyqWL/?igsh=MWd6ZjZ0cHF6b2ludg==,Proud
758,https://www.instagram.com/reel/DKCaqeIBrun/?igsh=ZWdjNndtZ3Zhanhy,Surprise
759,https://www.instagram.com/reel/DJJ4Z62SqvM/?igsh=MXJ2cTI0bjBuYjZzcw==,Surprise
760,https://www.instagram.com/reel/C-gxoVOye6p/?igsh=MWxxZXNzOWNnZG05OA==,Surprise
761,https://www.instagram.com/reel/DGpzBnQS4HL/?igsh=aTA0ODJiNXdpcG5l,Surprise
762,https://www.instagram.com/reel/DF7l5nZSRLF/?igsh=NHk3YjA3cWFjM3gy,Proud
763,https://www.instagram.com/reel/C_7Rh6ISqSO/?igsh=MzZobGkzNXF6ZDNx,Surprise
764,https://instagram.com/p/DKTTiaqIA9e/,Joy
765,https://www.instagram.com/reel/C-Z7nYGSBGb/?igsh=MTYzZDMxNXdnd244Mg==,Surprise
766,https://www.instagram.com/reel/DFKlv-PTlV1/,Proud
767,https://www.instagram.com/reel/DLt2FA7xvIz/,Surprise
768,https://www.instagram.com/reel/DMhKJSaTSRf/,Proud
769,https://www.instagram.com/reel/DK3wkQKzT6x/,Surprise
770,https://www.instagram.com/reel/DNFMPHSTrBy/,Surprise
771,https://www.instagram.com/reel/DDwztOvzIA_/,Proud
772,https://www.instagram.com/reel/DLCwhZMTMfo/,Trust
773,https://www.instagram.com/reel/DE4sP3FTR1p/,Surprise
774,https://www.instagram.com/reel/DKtXhpBzDx_/,Proud
775,https://www.instagram.com/reel/DK9fYkVz-pW/,Surprise
776,https://www.instagram.com/reel/DLbUgLKzTdm/,Surprise
777,https://www.instagram.com/reel/DK4vdrmvgWA/,Trust
778,https://www.instagram.com/reel/DIeEU4QT63m/,Trust
779,https://www.instagram.com/reel/DKuQ0pVzgN0/,Trust
780,https://www.instagram.com/reel/DKg21SpTZGs/,Proud
781,https://www.instagram.com/reel/DDJ--z-zkrH/,Surprise
782,https://www.instagram.com/reel/DFZNh3Gz4pv/,Surprise
783,https://www.instagram.com/reel/DLXPnmazMa_/,Trust
784,https://www.instagram.com/reel/DKR1CJYT9ho/,Proud
785,https://www.instagram.com/reel/DHfoGSPTG67/,Proud
786,https://www.instagram.com/reel/DC6uguvT834/,Sadness
787,https://www.instagram.com/reel/DJ6jYu2T7G-/,Proud
788,https://www.instagram.com/reel/DJ6v90oT6gf/,Surprise
789,https://www.instagram.com/reel/DLy-zgyxL7P/,Proud
790,https://www.instagram.com/reel/DKMdXCQT88v/,Proud
791,https://www.instagram.com/reel/DFgs65Lzp1y/,Surprise
792,https://www.instagram.com/reel/DKw1N3WT0It/,Trust
793,https://www.instagram.com/reel/DAr7Shbz01_/,Trust
794,https://www.instagram.com/reel/DIthToJzFls/,Trust
795,https://www.instagram.com/reel/DGW9kcAz5DN/,Surprise
796,https://www.instagram.com/reel/DHX5b6cTPxY/,Proud
797,https://www.instagram.com/reel/DHqIf4GzSSJ/,Surprise
798,https://www.instagram.com/reel/DCmBdX8sqGo/,Trust
799,https://www.instagram.com/reel/DFwZIZdTdxi/,Surprise
800,https://www.instagram.com/reel/DJotEW7T_4b/,Trust
801,https://www.instagram.com/reel/DG0miMMTIRb/,Proud
802,https://www.instagram.com/reel/DDHd4XSzhZf/,Surprise
803,https://www.instagram.com/reel/DFsLF_Vzf7Q/,Trust
804,https://www.instagram.com/reel/DJLkyiHzct1/,Trust
805,https://www.instagram.com/reel/DLY2Y8hTKqt/,Trust
806,https://www.instagram.com/reel/DJJYlBxT21r/?utm_source=ig_web_copy_link&igsh=MzRlODBiNWFlZA==,Trust
807,https://www.instagram.com/reel/DM2TLDOR492/?utm_source=ig_web_copy_link&igsh=MzRlODBiNWFlZA==,Trust
808,https://www.instagram.com/reel/DI0vYVERmjI/?utm_source=ig_web_copy_link,Trust
809,https://www.instagram.com/reel/DJOn8XiTwyN/?utm_source=ig_web_copy_link&igsh=MzRlODBiNWFlZA==,Surprise
810,https://www.instagram.com/reel/DLZlNnoRLn1/?utm_source=ig_web_copy_link&igsh=MzRlODBiNWFlZA==,Proud
811,https://www.instagram.com/reel/DJGz0HoRzAM/?utm_source=ig_web_copy_link&igsh=MzRlODBiNWFlZA==,Trust
812,https://www.instagram.com/reel/DJoU1SfxMXf/?utm_source=ig_web_copy_link&igsh=MzRlODBiNWFlZA==,Trust
813,https://www.instagram.com/reel/DIV-dAmz2Ny/?utm_source=ig_web_copy_link&igsh=MzRlODBiNWFlZA==,Trust
814,https://www.instagram.com/reel/DJ835krx3c5/?utm_source=ig_web_copy_link&igsh=MzRlODBiNWFlZA==,Surprise
815,https://www.instagram.com/reel/DDjf9gkyFlQ/?utm_source=ig_web_copy_link&igsh=MzRlODBiNWFlZA==,Surprise
816,https://www.instagram.com/reel/DGsQu9JRm79/?utm_source=ig_web_copy_link&igsh=MzRlODBiNWFlZA==,Surprise
817,https://www.instagram.com/reel/DKYsIP8TVcJ/?igsh=djZyM3RjZ2J2dW1t,Proud
818,https://www.instagram.com/reel/DA-sMIEyXtI/?utm_source=ig_web_copy_link&igsh=MzRlODBiNWFlZA==,Trust
819,https://www.instagram.com/reel/DBqeh0PSvPN/?utm_source=ig_web_copy_link&igsh=MzRlODBiNWFlZA==,Trust
820,https://drive.google.com/file/d/1vzv8NfEpiz9SIowXAIIfMyygq7EcmEUm/view?usp=drive_link,Joy
821,https://www.instagram.com/reel/DDMT07Zy3Yu/?utm_source=ig_web_copy_link,Trust
822,https://www.instagram.com/reel/DCtamoISITr/?utm_source=ig_web_copy_link,Proud
823,https://www.instagram.com/reel/DILkjVTRceX/?utm_source=ig_web_copy_link&igsh=MzRlODBiNWFlZA==,Proud
824,https://www.instagram.com/reel/DMZ5amBx0TN/?utm_source=ig_web_copy_link&igsh=MzRlODBiNWFlZA==,Proud
825,https://www.instagram.com/reel/DIQvqyBR1r-/?utm_source=ig_web_copy_link&igsh=MzRlODBiNWFlZA==,Trust
826,https://www.instagram.com/reel/DKRh02wxJkq/?utm_source=ig_web_copy_link&igsh=MzRlODBiNWFlZA==,Trust
827,https://www.instagram.com/reel/DGsQvfWxMt6/?utm_source=ig_web_copy_link&igsh=MzRlODBiNWFlZA==,Trust
828,https://www.instagram.com/reel/DJgfuikRLwi/?utm_source=ig_web_copy_link&igsh=MzRlODBiNWFlZA==,Proud
829,https://www.instagram.com/reel/DKJwRyOxSD-/?utm_source=ig_web_copy_link,Proud
830,https://www.instagram.com/reel/DIlVg8KRPlj/?utm_source=ig_web_copy_link,Proud
831,https://www.instagram.com/reel/DFFR1ZMyEnh/?utm_source=ig_web_copy_link&igsh=MzRlODBiNWFlZA==,Surprise
832,https://www.instagram.com/reel/DEhTARAyJyw/?utm_source=ig_web_copy_link&igsh=MzRlODBiNWFlZA==,Surprise
833,https://www.instagram.com/reel/DGu41vfRlg-/?utm_source=ig_web_copy_link&igsh=MzRlODBiNWFlZA==,Trust
834,https://www.instagram.com/reel/DKO6Tn7Rigx/?utm_source=ig_web_copy_link,Surprise
835,https://www.instagram.com/reel/DFmyGRDyxoN/?utm_source=ig_web_copy_link&igsh=MzRlODBiNWFlZA==,Trust
836,https://www.instagram.com/reel/DEHjCwLyXiO/?utm_source=ig_web_copy_link&igsh=MzRlODBiNWFlZA==,Proud
837,https://www.instagram.com/reel/DMPoIjSxhL2/?utm_source=ig_web_copy_link&igsh=MzRlODBiNWFlZA==,Surprise
838,https://www.instagram.com/reel/DMkSLX6Ruas/?utm_source=ig_web_copy_link&igsh=MzRlODBiNWFlZA==,Neutral
839,https://www.instagram.com/reel/DHdOWYPRngR/?utm_source=ig_web_copy_link&igsh=MzRlODBiNWFlZA==,Proud
840,https://drive.google.com/file/d/1ElvqnnKfMLU8pZyKKs_CMxwGts2O770v/view?usp=drive_link,Surprise
841,https://www.instagram.com/reel/DKwYXChxNDD/?utm_source=ig_web_copy_link&igsh=MzRlODBiNWFlZA==,Trust
842,https://www.instagram.com/reel/DLR4f13REQE/?utm_source=ig_web_copy_link&igsh=MzRlODBiNWFlZA==,Trust
843,https://www.instagram.com/reel/DJbVDSOx9Nk/?utm_source=ig_web_copy_link&igsh=MzRlODBiNWFlZA==,Anger
844,https://www.instagram.com/reel/DM9-XYoxiJd/?utm_source=ig_web_copy_link&igsh=MzRlODBiNWFlZA==,Proud
845,https://www.instagram.com/reel/DKmVdRnzRnT/?utm_source=ig_web_copy_link,Surprise
846,https://www.instagram.com/reel/DJ9NPQSvxPw/?hl=id,Surprise
847,https://www.instagram.com/reel/DItFdaJz6m9/?hl=id,Proud
848,https://www.instagram.com/reel/DMPBRIWRtnB/?hl=id,Neutral
849,https://www.instagram.com/reel/DLUdR3BPRcQ/?hl=id,Surprise
850,https://www.instagram.com/reel/DHqFhQ9vp-O/?hl=id,Surprise
851,https://www.instagram.com/reel/DH-GDEuTDrH/?hl=id,Surprise
852,https://www.instagram.com/reel/DKuDDEMxI3k/?hl=id,Surprise
853,https://www.instagram.com/reel/DMZ-uW6x9JA/?hl=id,Anger
854,https://www.instagram.com/reel/DHVANHRzBpb/?hl=id,Surprise
855,https://www.instagram.com/reel/DNF_1RPzpcC/?hl=id,Neutral
856,https://www.instagram.com/reel/DJEQxnoPEJK/?hl=id,Surprise
857,https://www.instagram.com/reel/DITVpnbTrvK/?hl=id,Proud
858,https://www.instagram.com/reel/DJ3-adDTEyM/?hl=id,Fear
859,https://www.instagram.com/reel/DLzWy6nToxw/?hl=id,Surprise
860,https://www.instagram.com/reel/DKUTIIdRszz/?hl=id,Surprise
861,https://www.instagram.com/reel/DNAmm1PRU8K/?hl=id,Fear
862,https://www.instagram.com/reel/DKMXCa9PjO2/?hl=id,Sadness
863,https://www.instagram.com/reel/DIJCesyRjMz/?hl=id,Proud
864,https://www.instagram.com/reel/DM7dDfpvHrv/?hl=id,Surprise
865,https://www.instagram.com/reel/DJZEyNYRAge/?hl=id,Fear
866,https://www.instagram.com/reel/DGfd2gZyeOa/?hl=id,Proud
867,https://www.instagram.com/reel/DG4y1j8RlwX/?hl=id,Surprise
868,https://www.instagram.com/reel/DGSl5zUyuZk/?hl=id,Surprise
869,https://www.instagram.com/reel/DGf0F9eSmj-/?hl=id,Surprise
870,https://www.instagram.com/reel/DLytlpgzeLF/?hl=id,Sadness
871,https://www.instagram.com/reel/DJbpoiZRBsL/?hl=id,Surprise
872,https://www.instagram.com/reel/DL17jAux0-f/?hl=id,Fear
873,https://www.instagram.com/reel/DMsAQacz6Q5/?hl=id,Sadness
874,https://www.instagram.com/reel/DMc3cmsvTW4/?hl=id,Surprise
875,https://www.instagram.com/reel/DGc5DvuyaqN/?hl=id,Surprise
876,https://www.instagram.com/reel/DMrXFfxxWpV/?hl=id,Trust
877,https://www.instagram.com/reel/DHC-rVIzFqv/?hl=id,Surprise
878,https://www.instagram.com/reel/DL33OMYzrca/?hl=id,Sadness
879,https://www.instagram.com/reel/DGziblxTo_v/?hl=id,Proud
880,https://www.instagram.com/reel/DK9T1pDPsuF/?hl=id,Anger
881,https://www.instagram.com/reel/DI_U3jSzixs/?hl=id,Surprise
882,https://www.instagram.com/reel/DMH9MwAxw3Z/?hl=id,Trust
883,https://www.instagram.com/reel/DKg9XtsRygF/?hl=id,Surprise
884,https://www.instagram.com/reel/DLkHxpXxXz0/?hl=id,Sadness
885,https://www.instagram.com/reel/DJWSQBhxALE/?hl=id,Surprise
886,https://www.instagram.com/reel/DNHwrh2gnBm/?igsh=YTg3cGIycGtqbG51,Surprise
887,https://www.instagram.com/reel/DLluizmyaG9/?igsh=MXRpYjVtYzZ5OHV5MQ%3D%3D,Surprise
888,https://www.instagram.com/reel/DK5v1dZysCd/?igsh=MWwwbGR2ZDBldzZhZg%3D%3D,Surprise
889,https://www.instagram.com/reel/DNCx0f7yuhu/?igsh=c3drc3p4N2h1bXE5,Surprise
890,https://www.instagram.com/reel/DMm5ofzxt1D/?igsh=OGd4eXA1MGJlaWV1,Proud
891,https://www.instagram.com/reel/DMz1mj7s6u7/?igsh=MXQzN3ZoNWZsMGk5cg%3D%3D,Surprise
892,https://www.instagram.com/reel/DLd7bkYyuV6/?igsh=azBpd2VxMW5vM2I2,Surprise
893,https://www.instagram.com/reel/DK6P7JxR2HP/?igsh=cW1rb3J0aWg5ZTk3,Surprise
894,https://www.instagram.com/reel/DMHyhTJRej0/?igsh=MWxoeTdpaTdsMnIxcQ%3D%3D,Surprise
895,https://www.instagram.com/reel/DMpUrCKxQj5/?igsh=bGh5bTBia2xmZXU4,Proud
896,https://www.instagram.com/reel/DMzlY-uxiog/?igsh=bGthOTk2Mm52YTJl,Proud
897,https://www.instagram.com/reel/DGuKn9eS6IT/?igsh=MTl4ZnBkcWp1MXJzMQ%3D%3D,Proud
898,https://www.instagram.com/reel/DMXQuTKRfmV/?igsh=MXRqbjN1ZXhkenpxMg%3D%3D,Surprise
899,https://www.instagram.com/reel/DJlxfv8yoVX/?igsh=OWg2OTczd2M1cTNm,Surprise
900,https://www.instagram.com/reel/DMrSfkGzVwK/?igsh=MTY5aXFxNW8yejhwcA%3D%3D,Trust
901,https://www.instagram.com/reel/DIu8g5XSNwT/?igsh=ejI0aWFzbDJpZmF4,Surprise
902,https://www.instagram.com/reel/DHTC04Vybkk/?igsh=MXIzYmx6NXBzdzdqOQ%3D%3D,Surprise
903,https://www.instagram.com/reel/DG0Nu85ycJK/?igsh=eTU0ZnZrMjVpa2d4,Proud
904,https://www.instagram.com/reel/DJ3CggBSV0c/?igsh=emx2ZXFpc2lrYmt6,Proud
905,https://www.instagram.com/reel/DKZVA8DJq89/?igsh=YXUwbHBnOG5udTJt,Proud
906,https://www.instagram.com/reel/DMz13fQzZsN/?igsh=MWxxcDA3N2VsenpnZw%3D%3D,Proud
907,https://www.instagram.com/reel/DKoahGuRUGB/?igsh=a3plZWs0cWx0ZWRz,Surprise
908,https://www.instagram.com/reel/DMozK27xS7J/?igsh=d25seXltcmc2MWpq,Surprise
909,https://www.instagram.com/reel/DLuZNKOzFQ_/?igsh=M284bXZ6a3ppZHF5,Trust
910,https://www.instagram.com/reel/DKqTFiyyCqU/?igsh=c21yMHp5dDYzcWNy,Surprise
911,https://www.instagram.com/reel/DM2DYuURXAS/?igsh=Z3lzNDZtdDhxeWxn,Surprise
912,https://www.instagram.com/reel/DLn8SMvyPca/?igsh=Z2tndjRmM2E4emhm,Surprise
913,https://www.instagram.com/reel/DJbiKpfSoQS/?igsh=MTIzcWo1enhibjUydw%3D%3D,Surprise
914,https://www.instagram.com/reel/DI24B5NS1Ng/?igsh=MTh6d2pjcXRsZmZ2aw%3D%3D,Trust
915,https://www.instagram.com/reel/DMjo8jKRvlV/?igsh=MWp1cHZ2dXd5aTNhaw%3D%3D,Trust
916,https://www.instagram.com/reel/DKyoWLZxUhw/?igsh=MWptanFveHI0MTZvag%3D%3D,Surprise
917,https://www.instagram.com/reel/DMRqecSRm7M/?igsh=MWd0ejliMHhzZjhleg%3D%3D,Surprise
918,https://www.instagram.com/reel/DLW9kprxKTe/?igsh=bmwxdWJmeGd0YXY1,Surprise
919,http://instagram.com/reel/DMmKMrNxr50/?igsh=MWgzOHlpNnd0M3VmNw%3D%3D,Trust
920,https://www.instagram.com/reel/DM7QsjnRCoa/?igsh=NDQ1NW11a2ZiZW1y,Surprise
921,https://www.instagram.com/reel/DHubvAIyjA_/?igsh=anp1aGhqM2docmd5,Proud
922,https://www.instagram.com/reel/DMuCyqkJwwB/?igsh=eTg2ZWtyYTF4ZWxh,Proud
923,https://www.instagram.com/reel/DNFwcqfS6Gv/?igsh=MTRzdTJ1MThmcm9pag%3D%3D,Proud
924,https://www.instagram.com/reel/DL1oBjdRc3-/?igsh=Ynp1NnIxcHN3cm9t,Sadness
925,https://www.instagram.com/reel/DKQ8RCqypek/?igsh=eXdiamQ2aXd0Zm5t,Joy
926,https://www.instagram.com/reel/DK6gKdAxavr/?igsh=MTFtcXMyZXFmMmk1Mg%3D%3D,Surprise
927,https://www.instagram.com/reel/DKYsIP8TVcJ/?igsh=djZyM3RjZ2J2dW1t,Proud
928,https://www.instagram.com/reel/DLrCQUayqES/?igsh=MXdoNm9qamZ2a3M2bA%3D%3D,Surprise
929,https://www.instagram.com/reel/DNKcHgdA-d1/?igsh=MWFxdnhjbzh1YmdhYw%3D%3D,Surprise
930,https://www.instagram.com/reel/DNBBEt6Paxj/?igsh=MTB2bXgyMHhwaHI4dA%3D%3D,Surprise
931,https://www.instagram.com/reel/DLtizEnyaOn/?igsh=MTIwMmlmZXRyMHl6eg%3D%3D,Surprise
932,https://www.instagram.com/reel/DKRqwksS_WC/?igsh=MWVwMDB6Y2JhbnVuZg%3D%3D,Surprise
933,https://www.instagram.com/reel/DMkLaw4Rqt5/?igsh=MWNhMnR0aHp2cnc2ZQ%3D%3D,Trust
934,https://www.instagram.com/reel/DL4ruJSyz6V/?igsh=MWI2MDJ4N2o3b3ljcg%3D%3D,Joy
935,https://www.instagram.com/reel/DBi0z74Pqig/?igsh=djdsMDlhazJvdjVr,Trust
936,https://www.instagram.com/reel/DL4z55aJWpf/?utm_source=ig_web_copy_link,Proud
937,https://www.instagram.com/reel/DHQSOWGzVd1/?utm_source=ig_web_copy_link,Trust
938,https://www.instagram.com/reel/C4lUFhgSkS-/?utm_source=ig_web_copy_link&igsh=MzRlODBiNWFlZA==,Surprise
939,https://www.instagram.com/reel/C16YyX3pXsB/?utm_source=ig_web_copy_link&igsh=MzRlODBiNWFlZA==,Proud
940,https://www.instagram.com/reel/C40lvFkSMlc/?utm_source=ig_web_copy_link&igsh=MzRlODBiNWFlZA==,Trust
941,https://www.instagram.com/reel/DMMsRlryLZy/?utm_source=ig_web_copy_link,Trust
942,https://www.instagram.com/reel/DMUk6HVSJGZ/?utm_source=ig_web_copy_link&igsh=MzRlODBiNWFlZA==,Trust
943,https://www.instagram.com/reel/DMLQ0jASxMf/?utm_source=ig_web_copy_link&igsh=MzRlODBiNWFlZA==,Trust
944,https://www.instagram.com/reel/DMzjk18xmcY/?utm_source=ig_web_copy_link,Proud
945,https://www.instagram.com/reel/C3IElC8SxjY/?utm_source=ig_web_copy_link,Surprise
946,https://www.instagram.com/reel/C4ijfChSaGd/?utm_source=ig_web_copy_link&igsh=MzRlODBiNWFlZA==,Surprise
947,https://www.instagram.com/reel/DL-OxKBPV2H/?utm_source=ig_web_copy_link&igsh=MzRlODBiNWFlZA==,Proud
948,https://www.instagram.com/reel/DCrH5IdzQCj/?igsh=aHAwbmN2amJqeXpy,Proud
949,https://www.instagram.com/reel/DNFwcqfS6Gv/?igsh=MTRzdTJ1MThmcm9pag%3D%3D,Proud
950,https://www.instagram.com/reel/DBSQKPcuq4V/?igsh=MTl3YWVpZWVkbmlxOA%3D%3D,Proud
951,https://www.instagram.com/reel/DIDobXFv_kT/?utm_source=ig_web_copy_link&igsh=MzRlODBiNWFlZA==,Surprise
952,https://www.instagram.com/reel/DCjIJOzvpDB/?igsh=MnQwbWhuMnVnM3R2,Surprise
953,https://www.instagram.com/reel/DCYxVATvxDu/?igsh=bTI4cHhqajE5ZWE5,Proud
954,https://www.instagram.com/reel/DBvnOvrPthT/?igsh=cTR1b3FoNjR3b2Nm,Surprise
955,https://www.instagram.com/reel/DMcHCyMJWv3/?utm_source=ig_web_copy_link&igsh=MzRlODBiNWFlZA==,Trust
956,https://www.instagram.com/reel/DM-JaK4yddh/?utm_source=ig_web_copy_link,Surprise
957,https://www.instagram.com/reel/DMW4u0Czu2u/?utm_source=ig_web_copy_link,Surprise
958,https://www.instagram.com/reel/DJTspLTqKHT/?igsh=MWVoa3B0Y240dXk0Yw%3D%3D,Trust
959,https://www.instagram.com/reel/DNCx0f7yuhu/?igsh=c3drc3p4N2h1bXE5,Surprise
960,https://www.instagram.com/reel/DL-BA3UpdIM/?utm_source=ig_web_copy_link,Joy
961,https://www.instagram.com/reel/DCtexMdPltz/?igsh=MXhoMjk2MnIyOGR5,Proud
962,https://www.instagram.com/reel/DND7EOxqkuS/?utm_source=ig_web_copy_link&igsh=MzRlODBiNWFlZA==,Proud
963,https://www.instagram.com/reel/DMXlpMhz12R/?utm_source=ig_web_copy_link&igsh=MzRlODBiNWFlZA==,Proud
964,https://www.instagram.com/reel/DBNjRxeqv8F/?utm_source=ig_web_copy_link&igsh=MzRlODBiNWFlZA==,Trust
965,https://www.instagram.com/reel/C_cy6a1vJ6K/?utm_source=ig_web_copy_link&igsh=MzRlODBiNWFlZA==,Joy
966,https://www.instagram.com/reel/DB75GW9K-9q/?utm_source=ig_web_copy_link&igsh=MzRlODBiNWFlZA==,Trust
967,https://www.instagram.com/reel/DM6mD8jyIV6/?utm_source=ig_web_copy_link,Surprise
968,https://www.instagram.com/reel/C_dRijAvKd7/?utm_source=ig_web_copy_link&igsh=MzRlODBiNWFlZA==,Proud
969,https://www.instagram.com/reel/DM7I5rNp3au/?utm_source=ig_web_copy_link&igsh=MzRlODBiNWFlZA==,Trust
970,https://www.instagram.com/reel/DCGpN-1qRtj/?utm_source=ig_web_copy_link&igsh=MzRlODBiNWFlZA==,Joy
971,https://www.instagram.com/reel/DA0PU30q5U2/?utm_source=ig_web_copy_link&igsh=MzRlODBiNWFlZA==,Surprise
972,https://www.instagram.com/reel/DMnUS9LS5nx/?utm_source=ig_web_copy_link&igsh=MzRlODBiNWFlZA==,Trust
973,https://www.instagram.com/reel/DM9-OzsKZMC/?utm_source=ig_web_copy_link&igsh=MzRlODBiNWFlZA==,Joy
974,https://www.instagram.com/reel/DNA-HZqKs3p/?utm_source=ig_web_copy_link&igsh=MzRlODBiNWFlZA==,Proud
975,https://www.instagram.com/reel/DM_q6MPK8sH/?utm_source=ig_web_copy_link&igsh=MzRlODBiNWFlZA==,Joy
976,https://www.instagram.com/reel/DL9UG94q6AG/?utm_source=ig_web_copy_link&igsh=MzRlODBiNWFlZA==,Proud
977,https://www.instagram.com/reel/DNBZAUYq3K1/?utm_source=ig_web_copy_link&igsh=MzRlODBiNWFlZA==,Surprise
978,https://www.instagram.com/reel/DJa-JEDJv2q/?utm_source=ig_web_copy_link&igsh=MzRlODBiNWFlZA==,Trust
979,https://www.instagram.com/reel/DMg4c-eqEyX/?utm_source=ig_web_copy_link&igsh=MzRlODBiNWFlZA==,Trust
980,https://www.instagram.com/reel/DBaikZOqWNY/?utm_source=ig_web_copy_link&igsh=MzRlODBiNWFlZA==,Proud
981,https://www.instagram.com/reel/DLrdrg2K4Jm/?utm_source=ig_web_copy_link&igsh=MzRlODBiNWFlZA==,Trust
982,https://www.instagram.com/reel/DA2qr_qqUmX/?utm_source=ig_web_copy_link&igsh=MzRlODBiNWFlZA==,Trust
983,https://www.instagram.com/reel/DMALx6DyRPU/?utm_source=ig_web_copy_link&igsh=MzRlODBiNWFlZA==,Trust
984,https://www.instagram.com/reel/DAqlYu_sQgD/?utm_source=ig_web_copy_link&igsh=MzRlODBiNWFlZA==,Surprise
985,https://www.instagram.com/reel/DDtwlcqydxs/?utm_source=ig_web_copy_link&igsh=MzRlODBiNWFlZA==,Surprise
986,https://www.instagram.com/reel/DIgc83ySemo/?utm_source=ig_web_copy_link&igsh=MzRlODBiNWFlZA==,Proud
987,https://www.instagram.com/reel/DJsx6eyqa8U/?utm_source=ig_web_copy_link&igsh=MzRlODBiNWFlZA==,Trust
988,https://www.instagram.com/reel/DMo9r54zftR/?utm_source=ig_web_copy_link&igsh=MzRlODBiNWFlZA==,Proud
989,https://www.instagram.com/reel/DAUxpi3y_7G/?utm_source=ig_web_copy_link&igsh=MzRlODBiNWFlZA==,Joy
990,https://www.instagram.com/reel/C_anlr5vVn8/?utm_source=ig_web_copy_link&igsh=MzRlODBiNWFlZA==,Proud
991,https://www.instagram.com/reel/DNLfF80S3j8/?utm_source=ig_web_copy_link&igsh=MzRlODBiNWFlZA==,Trust
992,https://www.instagram.com/reel/C_hD24zhPj3/?utm_source=ig_web_copy_link&igsh=MzRlODBiNWFlZA==,Joy
993,https://www.instagram.com/reel/DAxrfeVPeV-/?utm_source=ig_web_copy_link&igsh=MzRlODBiNWFlZA==,Trust
994,https://www.instagram.com/reel/DM0CWs5TpvK/?utm_source=ig_web_copy_link&igsh=MzRlODBiNWFlZA==,Proud
995,https://www.instagram.com/reel/DGT-0jQz_xm/?utm_source=ig_web_copy_link&igsh=MzRlODBiNWFlZA==,Proud
996,https://www.instagram.com/reel/C-9fgpUqHzV/?utm_source=ig_web_copy_link&igsh=MzRlODBiNWFlZA==,Surprise
997,https://www.instagram.com/reel/DI8zcF4yMIj/?utm_source=ig_web_copy_link&igsh=MzRlODBiNWFlZA==,Surprise
998,https://www.instagram.com/reel/DM8PAMHPsh4/?utm_source=ig_web_copy_link&igsh=MzRlODBiNWFlZA==,Surprise
999,https://www.instagram.com/reel/DMnUOVsSTMH/?utm_source=ig_web_copy_link&igsh=MzRlODBiNWFlZA==,Surprise
1000,https://www.instagram.com/reel/DBK5AWaKwS_/?utm_source=ig_web_copy_link&igsh=MzRlODBiNWFlZA==,Proud
